temple,instructionrooms,sealingrooms,baptismrooms,squarefootage,acreage,stakes,districts,all_units,elevation_ft,tower_spire,att_tower_spire,angelmoroni,announcement,groundbreaking,dedication,prophet,interval,prophet_start,prophet_end
Aba Nigeria Temple,2,2,1,11500,6.3,70,15,85,192.2,1,Attached,Yes,2000-04-02,2002-02-23,2005-08-07,Gordon B. Hinckley,1995-03-12 UTC--2008-01-27 UTC,1995-03-12T00:00:00Z,2008-01-27T00:00:00Z
Abidjan Ivory Coast Temple,NA,NA,NA,NA,0.55,NA,NA,NA,173.1,1,Attached,Yes,2015-04-05,2018-11-08,NA,Thomas S. Monson,2008-02-03 UTC--2018-01-02 UTC,2008-02-03T00:00:00Z,2018-01-02T00:00:00Z
Accra Ghana Temple,2,2,1,17500,6,69,27,96,131.8,1,Attached,Yes,1998-02-16,2001-11-16,2004-01-11,Gordon B. Hinckley,1995-03-12 UTC--2008-01-27 UTC,1995-03-12T00:00:00Z,2008-01-27T00:00:00Z
Adelaide Australia Temple,2,2,1,10700,6.94,3,1,4,137.7,1,Attached,Yes,1999-03-17,1999-05-29,2000-06-15,Gordon B. Hinckley,1995-03-12 UTC--2008-01-27 UTC,1995-03-12T00:00:00Z,2008-01-27T00:00:00Z
Alabang Philippines Temple,NA,NA,NA,NA,2.6,NA,NA,NA,57.5,1,Attached,No,2017-04-02,2020-06-04,NA,Thomas S. Monson,2008-02-03 UTC--2018-01-02 UTC,2008-02-03T00:00:00Z,2018-01-02T00:00:00Z
Albuquerque New Mexico Temple,2,3,1,34245,8.5,14,0,14,NA,1,Attached,Yes,1997-04-04,1998-06-20,2000-03-05,Gordon B. Hinckley,1995-03-12 UTC--2008-01-27 UTC,1995-03-12T00:00:00Z,2008-01-27T00:00:00Z
Anchorage Alaska Temple,2,1,1,11937,5.4,9,0,9,205.1,1,Attached,Yes,1997-10-04,1998-04-17,1999-01-09,Gordon B. Hinckley,1995-03-12 UTC--2008-01-27 UTC,1995-03-12T00:00:00Z,2008-01-27T00:00:00Z
Antofagasta Chile Temple,NA,NA,NA,23000,1.9,NA,NA,NA,66.5,1,Attached,No,2019-04-07,2020-11-27,NA,Russell M. Nelson,2018-01-14 UTC--2023-10-25 UTC,2018-01-14T00:00:00Z,2023-10-25T00:00:00Z
Apia Samoa Temple,2,2,1,18691,2,25,0,25,36.6,1,Attached,Yes,1977-10-15,1981-02-19,1983-08-05,Spencer W. Kimball,1973-12-30 UTC--1985-11-05 UTC,1973-12-30T00:00:00Z,1985-11-05T00:00:00Z
Arequipa Peru Temple,2,2,1,26969,7.91,21,5,26,NA,1,Attached,Yes,2012-10-06,2017-03-04,2019-12-15,Thomas S. Monson,2008-02-03 UTC--2018-01-02 UTC,2008-02-03T00:00:00Z,2018-01-02T00:00:00Z
Asunción Paraguay Temple,2,2,1,11906,1.13,16,15,31,356.3,1,Attached,Yes,2000-04-02,2001-02-03,2002-05-19,Gordon B. Hinckley,1995-03-12 UTC--2008-01-27 UTC,1995-03-12T00:00:00Z,2008-01-27T00:00:00Z
Atlanta Georgia Temple,4,4,1,34500,9.6,17,0,17,NA,1,Attached,Yes,1980-04-02,1981-03-07,1983-06-01,Spencer W. Kimball,1973-12-30 UTC--1985-11-05 UTC,1973-12-30T00:00:00Z,1985-11-05T00:00:00Z
Auckland New Zealand Temple,4,3,1,NA,NA,NA,NA,NA,196.9,1,Attached,No,2018-10-07,2020-06-13,NA,Russell M. Nelson,2018-01-14 UTC--2023-10-25 UTC,2018-01-14T00:00:00Z,2023-10-25T00:00:00Z
Austin Texas Temple,2,2,1,30000,10.6,NA,NA,NA,897.6,1,Attached,No,2022-04-03,NA,NA,Russell M. Nelson,2018-01-14 UTC--2023-10-25 UTC,2018-01-14T00:00:00Z,2023-10-25T00:00:00Z
Bacolod Philippines Temple,2,2,1,26700,12.3,NA,NA,NA,93.1,1,Attached,No,2019-10-05,2021-12-11,NA,Russell M. Nelson,2018-01-14 UTC--2023-10-25 UTC,2018-01-14T00:00:00Z,2023-10-25T00:00:00Z
Bahía Blanca Argentina Temple,2,2,1,19000,8.14,NA,NA,NA,134.1,1,Attached,No,2020-04-05,2022-04-09,NA,Russell M. Nelson,2018-01-14 UTC--2023-10-25 UTC,2018-01-14T00:00:00Z,2023-10-25T00:00:00Z
Bakersfield California Temple,2,2,1,30000,13.07,NA,NA,NA,366,NA,NA,NA,2023-04-02,NA,NA,Russell M. Nelson,2018-01-14 UTC--2023-10-25 UTC,2018-01-14T00:00:00Z,2023-10-25T00:00:00Z
Bangkok Thailand Temple,NA,NA,NA,48525,1.77,13,21,34,12,9,Attached,No,2015-04-05,2019-01-26,2023-10-22,Thomas S. Monson,2008-02-03 UTC--2018-01-02 UTC,2008-02-03T00:00:00Z,2018-01-02T00:00:00Z
Barcelona Spain Temple,2,2,1,27500,5.4,NA,NA,NA,573,NA,NA,NA,2022-04-03,NA,NA,Russell M. Nelson,2018-01-14 UTC--2023-10-25 UTC,2018-01-14T00:00:00Z,2023-10-25T00:00:00Z
Barranquilla Colombia Temple,2,1,1,25349,5.93,7,2,9,174.1,1,Attached,Yes,2011-10-01,2016-02-20,2018-12-09,Thomas S. Monson,2008-02-03 UTC--2018-01-02 UTC,2008-02-03T00:00:00Z,2018-01-02T00:00:00Z
Baton Rouge Louisiana Temple,2,2,1,10890,6.3,9,0,9,18,1,Attached,Yes,1998-10-14,1999-05-08,2000-07-16,Gordon B. Hinckley,1995-03-12 UTC--2008-01-27 UTC,1995-03-12T00:00:00Z,2008-01-27T00:00:00Z
Belém Brazil Temple,2,2,1,28675,6.7,10,2,12,39.9,1,Attached,Yes,2016-04-03,2019-08-17,2022-11-20,Thomas S. Monson,2008-02-03 UTC--2018-01-02 UTC,2008-02-03T00:00:00Z,2018-01-02T00:00:00Z
Belo Horizonte Brazil Temple,2,2,1,27000,11.8,NA,NA,NA,NA,1,Attached,No,2021-04-04,2023-06-17,NA,Russell M. Nelson,2018-01-14 UTC--2023-10-25 UTC,2018-01-14T00:00:00Z,2023-10-25T00:00:00Z
Bengaluru India Temple,NA,NA,NA,38670,1.62,NA,NA,NA,NA,5,Attached,No,2018-04-01,2020-12-02,NA,Russell M. Nelson,2018-01-14 UTC--2023-10-25 UTC,2018-01-14T00:00:00Z,2023-10-25T00:00:00Z
Benin City Nigeria Temple,2,2,1,30700,2.17,NA,NA,NA,258.2,NA,NA,NA,2020-04-05,NA,NA,Russell M. Nelson,2018-01-14 UTC--2023-10-25 UTC,2018-01-14T00:00:00Z,2023-10-25T00:00:00Z
Bentonville Arkansas Temple,2,2,1,28472,18.62,8,0,8,NA,1,Attached,No,2019-10-05,2020-11-07,2023-09-17,Russell M. Nelson,2018-01-14 UTC--2023-10-25 UTC,2018-01-14T00:00:00Z,2023-10-25T00:00:00Z
Bern Switzerland Temple,4,7,1,35546,7,8,1,9,NA,1,Attached,Yes,1952-07-01,1953-08-05,1955-09-11,David O. McKay,1951-04-09 UTC--1970-01-18 UTC,1951-04-09T00:00:00Z,1970-01-18T00:00:00Z
Billings Montana Temple,2,3,1,33800,10,10,0,10,NA,1,Attached,Yes,1996-08-30,1998-03-30,1999-11-20,Gordon B. Hinckley,1995-03-12 UTC--2008-01-27 UTC,1995-03-12T00:00:00Z,2008-01-27T00:00:00Z
Birmingham Alabama Temple,2,2,1,10700,5.6,10,0,10,662,1,Attached,Yes,1998-09-11,1999-10-09,2000-09-03,Gordon B. Hinckley,1995-03-12 UTC--2008-01-27 UTC,1995-03-12T00:00:00Z,2008-01-27T00:00:00Z
Bismarck North Dakota Temple,2,2,1,10700,1.6,4,0,4,NA,1,Attached,Yes,1998-07-29,1998-10-17,1999-09-19,Gordon B. Hinckley,1995-03-12 UTC--2008-01-27 UTC,1995-03-12T00:00:00Z,2008-01-27T00:00:00Z
Bogotá Colombia Temple,4,3,1,53500,3.71,22,7,29,NA,1,Attached,Yes,1984-04-07,1993-06-26,1999-04-24,Spencer W. Kimball,1973-12-30 UTC--1985-11-05 UTC,1973-12-30T00:00:00Z,1985-11-05T00:00:00Z
Boise Idaho Temple,4,4,1,35868,4.83,16,0,16,NA,6,Detached,Yes,1982-03-31,1982-12-18,1984-05-25,Spencer W. Kimball,1973-12-30 UTC--1985-11-05 UTC,1973-12-30T00:00:00Z,1985-11-05T00:00:00Z
Boston Massachusetts Temple,4,4,1,69600,8,13,0,13,331.2,1,Attached,Yes,1995-09-30,1997-06-13,2000-10-01,Gordon B. Hinckley,1995-03-12 UTC--2008-01-27 UTC,1995-03-12T00:00:00Z,2008-01-27T00:00:00Z
Bountiful Utah Temple,4,8,1,104000,9,51,0,51,NA,1,Attached,Yes,1990-02-02,1992-05-02,1995-01-08,Ezra Taft Benson,1985-11-10 UTC--1994-05-30 UTC,1985-11-10T00:00:00Z,1994-05-30T00:00:00Z
Brasília Brazil Temple,2,2,1,25000,6,14,3,17,NA,1,Attached,No,2017-04-02,2020-09-26,2023-09-17,Thomas S. Monson,2008-02-03 UTC--2018-01-02 UTC,2008-02-03T00:00:00Z,2018-01-02T00:00:00Z
Brigham City Utah Temple,2,3,1,36000,3.14,13,0,13,NA,2,Attached,Yes,2009-10-03,2010-07-31,2012-09-23,Thomas S. Monson,2008-02-03 UTC--2018-01-02 UTC,2008-02-03T00:00:00Z,2018-01-02T00:00:00Z
Brisbane Australia Temple,2,2,1,10700,0.86,12,1,13,76.5,1,Attached,Yes,1998-07-20,2001-05-26,2003-06-15,Gordon B. Hinckley,1995-03-12 UTC--2008-01-27 UTC,1995-03-12T00:00:00Z,2008-01-27T00:00:00Z
Budapest Hungary Temple,NA,NA,NA,18000,5.92,NA,NA,NA,474.3,NA,NA,NA,2019-04-07,NA,NA,Russell M. Nelson,2018-01-14 UTC--2023-10-25 UTC,2018-01-14T00:00:00Z,2023-10-25T00:00:00Z
Buenos Aires Argentina Temple,4,3,1,30659,3.73,47,12,59,42.9,6,Detached,Yes,1980-04-02,1983-04-20,1986-01-17,Spencer W. Kimball,1973-12-30 UTC--1985-11-05 UTC,1973-12-30T00:00:00Z,1985-11-05T00:00:00Z
Burley Idaho Temple,4,3,1,38600,10.1,NA,NA,NA,NA,1,Attached,No,2021-04-04,2022-06-04,NA,Russell M. Nelson,2018-01-14 UTC--2023-10-25 UTC,2018-01-14T00:00:00Z,2023-10-25T00:00:00Z
Calgary Alberta Temple,2,3,1,33000,10.17,8,0,8,NA,1,Attached,Yes,2008-10-04,2010-05-15,2012-10-28,Thomas S. Monson,2008-02-03 UTC--2018-01-02 UTC,2008-02-03T00:00:00Z,2018-01-02T00:00:00Z
Cali Colombia Temple,1,1,1,9500,3.14,NA,NA,NA,NA,1,Attached,No,2021-04-04,NA,NA,Russell M. Nelson,2018-01-14 UTC--2023-10-25 UTC,2018-01-14T00:00:00Z,2023-10-25T00:00:00Z
Campinas Brazil Temple,4,3,1,48100,6.18,53,14,67,NA,1,Attached,Yes,1997-04-03,1998-05-01,2002-05-17,Gordon B. Hinckley,1995-03-12 UTC--2008-01-27 UTC,1995-03-12T00:00:00Z,2008-01-27T00:00:00Z
Cape Town South Africa Temple,1,1,1,9500,3.79,NA,NA,NA,27.9,1,Attached,No,2021-04-04,NA,NA,Russell M. Nelson,2018-01-14 UTC--2023-10-25 UTC,2018-01-14T00:00:00Z,2023-10-25T00:00:00Z
Caracas Venezuela Temple,2,2,1,15332,0.5,33,6,39,NA,1,Attached,Yes,1995-09-30,1999-01-10,2000-08-20,Gordon B. Hinckley,1995-03-12 UTC--2008-01-27 UTC,1995-03-12T00:00:00Z,2008-01-27T00:00:00Z
Cardston Alberta Temple,4,5,1,88562,10,13,0,13,NA,1,Attached,No,1913-06-27,1913-11-09,1923-08-26,Joseph F. Smith,1901-10-17 UTC--1918-11-19 UTC,1901-10-17T00:00:00Z,1918-11-19T00:00:00Z
Casper Wyoming Temple,1,1,1,10000,9.5,NA,NA,NA,NA,1,Attached,No,2021-04-04,2021-10-09,NA,Russell M. Nelson,2018-01-14 UTC--2023-10-25 UTC,2018-01-14T00:00:00Z,2023-10-25T00:00:00Z
Cebu City Philippines Temple,2,2,1,29556,11.6,41,30,71,194.8,1,Attached,Yes,2006-04-18,2007-11-14,2010-06-13,Gordon B. Hinckley,1995-03-12 UTC--2008-01-27 UTC,1995-03-12T00:00:00Z,2008-01-27T00:00:00Z
Cedar City Utah Temple,2,3,1,42657,9.5,17,0,17,NA,1,Attached,Yes,2013-04-06,2015-08-08,2017-12-10,Thomas S. Monson,2008-02-03 UTC--2018-01-02 UTC,2008-02-03T00:00:00Z,2018-01-02T00:00:00Z
Charlotte North Carolina Temple,NA,NA,NA,30000,5.9,NA,NA,NA,705.3,NA,NA,NA,2023-04-02,NA,NA,Russell M. Nelson,2018-01-14 UTC--2023-10-25 UTC,2018-01-14T00:00:00Z,2023-10-25T00:00:00Z
Chicago Illinois Temple,5,3,1,37062,13,13,0,13,685.4,6,Detached,Yes,1981-04-01,1983-08-13,1985-08-09,Spencer W. Kimball,1973-12-30 UTC--1985-11-05 UTC,1973-12-30T00:00:00Z,1985-11-05T00:00:00Z
Ciudad Juárez Mexico Temple,2,2,1,10700,1.64,12,0,12,NA,1,Attached,Yes,1998-05-07,1999-01-09,2000-02-26,Gordon B. Hinckley,1995-03-12 UTC--2008-01-27 UTC,1995-03-12T00:00:00Z,2008-01-27T00:00:00Z
Cleveland Ohio Temple,1,1,1,9900,NA,NA,NA,NA,733,NA,NA,NA,2022-04-03,NA,NA,Russell M. Nelson,2018-01-14 UTC--2023-10-25 UTC,2018-01-14T00:00:00Z,2023-10-25T00:00:00Z
Cobán Guatemala Temple,1,1,1,8800,5.4,NA,NA,NA,NA,1,Attached,No,2019-10-05,2020-11-14,NA,Russell M. Nelson,2018-01-14 UTC--2023-10-25 UTC,2018-01-14T00:00:00Z,2023-10-25T00:00:00Z
Cochabamba Bolivia Temple,2,3,1,33302,6.67,33,8,41,NA,5,Attached,Yes,1995-01-13,1996-11-10,2000-04-30,Howard W. Hunter,1994-06-05 UTC--1995-03-03 UTC,1994-06-05T00:00:00Z,1995-03-03T00:00:00Z
Cody Wyoming Temple,1,1,1,9950,4.69,NA,NA,NA,NA,1,Attached,No,2021-10-03,NA,NA,Russell M. Nelson,2018-01-14 UTC--2023-10-25 UTC,2018-01-14T00:00:00Z,2023-10-25T00:00:00Z
Colonia Juárez Chihuahua Mexico Temple,1,1,1,6800,2.56,2,4,6,NA,1,Attached,Yes,1997-10-04,1998-03-07,1999-03-06,Gordon B. Hinckley,1995-03-12 UTC--2008-01-27 UTC,1995-03-12T00:00:00Z,2008-01-27T00:00:00Z
Columbia River Washington Temple,2,2,1,16880,2.88,11,0,11,538,1,Attached,Yes,2000-04-02,2000-10-28,2001-11-18,Gordon B. Hinckley,1995-03-12 UTC--2008-01-27 UTC,1995-03-12T00:00:00Z,2008-01-27T00:00:00Z
Columbia South Carolina Temple,2,2,1,10700,3.6,19,0,19,307.5,1,Attached,Yes,1998-09-11,1998-12-05,1999-10-16,Gordon B. Hinckley,1995-03-12 UTC--2008-01-27 UTC,1995-03-12T00:00:00Z,2008-01-27T00:00:00Z
Columbus Ohio Temple,2,2,1,11745,5,18,0,18,858.9,1,Attached,Yes,1998-04-25,1998-09-12,1999-09-04,Gordon B. Hinckley,1995-03-12 UTC--2008-01-27 UTC,1995-03-12T00:00:00Z,2008-01-27T00:00:00Z
Concepción Chile Temple,2,2,1,23095,4.06,24,7,31,56.9,1,Attached,Yes,2009-10-03,2015-10-17,2018-10-28,Thomas S. Monson,2008-02-03 UTC--2018-01-02 UTC,2008-02-03T00:00:00Z,2018-01-02T00:00:00Z
Copenhagen Denmark Temple,2,2,1,25000,0.6,3,0,3,27.2,1,Detached,Yes,1999-03-17,1999-04-24,2004-05-23,Gordon B. Hinckley,1995-03-12 UTC--2008-01-27 UTC,1995-03-12T00:00:00Z,2008-01-27T00:00:00Z
Córdoba Argentina Temple,2,2,1,34369,5.18,25,8,33,NA,1,Attached,Yes,2008-10-04,2010-10-30,2015-05-17,Thomas S. Monson,2008-02-03 UTC--2018-01-02 UTC,2008-02-03T00:00:00Z,2018-01-02T00:00:00Z
Curitiba Brazil Temple,2,2,1,27850,8.15,34,3,37,NA,1,Attached,Yes,2002-08-23,2005-03-10,2008-06-01,Gordon B. Hinckley,1995-03-12 UTC--2008-01-27 UTC,1995-03-12T00:00:00Z,2008-01-27T00:00:00Z
Dallas Texas Temple,5,4,1,44207,6,28,0,28,617.7,6,Detached,Yes,1981-04-01,1983-01-22,1984-10-19,Spencer W. Kimball,1973-12-30 UTC--1985-11-05 UTC,1973-12-30T00:00:00Z,1985-11-05T00:00:00Z
Davao Philippines Temple,NA,NA,NA,18450,2.7,NA,NA,NA,68.4,1,Attached,No,2018-10-07,2020-11-14,NA,Russell M. Nelson,2018-01-14 UTC--2023-10-25 UTC,2018-01-14T00:00:00Z,2023-10-25T00:00:00Z
Denver Colorado Temple,4,5,1,29117,7.5,19,0,19,NA,1,Attached,Yes,1982-03-31,1984-05-19,1986-10-24,Spencer W. Kimball,1973-12-30 UTC--1985-11-05 UTC,1973-12-30T00:00:00Z,1985-11-05T00:00:00Z
Deseret Peak Utah Temple,4,4,1,70000,17.98,NA,NA,NA,NA,1,Attached,No,2019-04-07,2021-05-15,NA,Russell M. Nelson,2018-01-14 UTC--2023-10-25 UTC,2018-01-14T00:00:00Z,2023-10-25T00:00:00Z
Detroit Michigan Temple,2,2,1,10700,6.34,10,1,11,796.5,1,Attached,Yes,1998-08-10,1998-10-10,1999-10-23,Gordon B. Hinckley,1995-03-12 UTC--2008-01-27 UTC,1995-03-12T00:00:00Z,2008-01-27T00:00:00Z
Draper Utah Temple,4,5,1,58300,12,28,0,28,NA,1,Attached,Yes,2004-10-02,2006-08-05,2009-03-20,Gordon B. Hinckley,1995-03-12 UTC--2008-01-27 UTC,1995-03-12T00:00:00Z,2008-01-27T00:00:00Z
Durban South Africa Temple,1,1,1,19860,14.49,11,6,17,337.4,1,Attached,Yes,2011-10-01,2016-04-09,2020-02-16,Thomas S. Monson,2008-02-03 UTC--2018-01-02 UTC,2008-02-03T00:00:00Z,2018-01-02T00:00:00Z
Edmonton Alberta Temple,2,2,1,10700,1,8,0,8,NA,1,Attached,Yes,1998-08-11,1999-02-27,1999-12-11,Gordon B. Hinckley,1995-03-12 UTC--2008-01-27 UTC,1995-03-12T00:00:00Z,2008-01-27T00:00:00Z
Elko Nevada Temple,1,1,1,10000,5.2,NA,NA,NA,NA,1,Attached,No,2021-04-04,2022-05-07,NA,Russell M. Nelson,2018-01-14 UTC--2023-10-25 UTC,2018-01-14T00:00:00Z,2023-10-25T00:00:00Z
Ephraim Utah Temple,4,3,1,39000,9.16,NA,NA,NA,NA,2,Attached,No,2021-05-01,2022-08-27,NA,Russell M. Nelson,2018-01-14 UTC--2023-10-25 UTC,2018-01-14T00:00:00Z,2023-10-25T00:00:00Z
Farmington New Mexico Temple,2,2,1,25000,6.62,NA,NA,NA,NA,1,Attached,No,2021-04-04,2022-04-30,NA,Russell M. Nelson,2018-01-14 UTC--2023-10-25 UTC,2018-01-14T00:00:00Z,2023-10-25T00:00:00Z
Feather River California Temple,4,3,1,41665,9.24,7,0,7,60.4,1,Attached,Yes,2018-10-07,2020-07-18,2023-10-08,Russell M. Nelson,2018-01-14 UTC--2023-10-25 UTC,2018-01-14T00:00:00Z,2023-10-25T00:00:00Z
Fort Collins Colorado Temple,2,3,1,42000,15.69,14,0,14,NA,1,Attached,Yes,2011-04-02,2013-08-24,2016-10-16,Thomas S. Monson,2008-02-03 UTC--2018-01-02 UTC,2008-02-03T00:00:00Z,2018-01-02T00:00:00Z
Fort Lauderdale Florida Temple,2,3,1,30500,16.82,7,1,8,5.6,1,Attached,Yes,2009-10-03,2011-06-18,2014-05-04,Thomas S. Monson,2008-02-03 UTC--2018-01-02 UTC,2008-02-03T00:00:00Z,2018-01-02T00:00:00Z
Fort Worth Texas Temple,2,2,1,30000,9.37,NA,NA,NA,768,1,Attached,No,2021-10-03,2023-10-28,NA,Russell M. Nelson,2018-01-14 UTC--2023-10-25 UTC,2018-01-14T00:00:00Z,2023-10-25T00:00:00Z
Fortaleza Brazil Temple,2,2,1,36000,10,24,3,27,202.2,1,Attached,Yes,2009-10-03,2011-11-15,2019-06-02,Thomas S. Monson,2008-02-03 UTC--2018-01-02 UTC,2008-02-03T00:00:00Z,2018-01-02T00:00:00Z
Frankfurt Germany Temple,4,4,1,32895,5.6,15,3,18,669.9,1,Detached,Yes,1981-04-01,1985-07-01,1987-08-28,Spencer W. Kimball,1973-12-30 UTC--1985-11-05 UTC,1973-12-30T00:00:00Z,1985-11-05T00:00:00Z
Freetown Sierra Leone Temple,2,2,1,18000,2.9,NA,NA,NA,97.2,1,Attached,No,2019-10-05,2022-03-19,NA,Russell M. Nelson,2018-01-14 UTC--2023-10-25 UTC,2018-01-14T00:00:00Z,2023-10-25T00:00:00Z
Freiberg Germany Temple,2,2,1,21500,3.58,5,4,9,NA,1,Attached,Yes,1982-10-09,1983-04-23,1985-06-29,Spencer W. Kimball,1973-12-30 UTC--1985-11-05 UTC,1973-12-30T00:00:00Z,1985-11-05T00:00:00Z
Fresno California Temple,2,2,1,10700,2.34,8,0,8,319.5,1,Attached,Yes,1999-01-08,1999-03-20,2000-04-09,Gordon B. Hinckley,1995-03-12 UTC--2008-01-27 UTC,1995-03-12T00:00:00Z,2008-01-27T00:00:00Z
Fukuoka Japan Temple,2,2,1,10700,1.25,4,5,9,81,1,Attached,Yes,1998-05-07,1999-03-20,2000-06-11,Gordon B. Hinckley,1995-03-12 UTC--2008-01-27 UTC,1995-03-12T00:00:00Z,2008-01-27T00:00:00Z
Gilbert Arizona Temple,3,7,1,85326,15.38,37,0,37,NA,1,Attached,Yes,2008-04-26,2010-11-13,2014-03-02,Thomas S. Monson,2008-02-03 UTC--2018-01-02 UTC,2008-02-03T00:00:00Z,2018-01-02T00:00:00Z
Grand Junction Colorado Temple,2,2,1,25000,6.94,NA,NA,NA,NA,1,Attached,No,2021-04-04,2022-04-16,NA,Russell M. Nelson,2018-01-14 UTC--2023-10-25 UTC,2018-01-14T00:00:00Z,2023-10-25T00:00:00Z
Grand Rapids Michigan Temple,2,2,1,20000,10.5,NA,NA,NA,790.3,NA,NA,NA,2022-10-02,NA,NA,Russell M. Nelson,2018-01-14 UTC--2023-10-25 UTC,2018-01-14T00:00:00Z,2023-10-25T00:00:00Z
Guadalajara Mexico Temple,2,2,1,10700,2.69,18,5,23,NA,1,Attached,Yes,1999-04-14,1999-06-12,2001-04-29,Gordon B. Hinckley,1995-03-12 UTC--2008-01-27 UTC,1995-03-12T00:00:00Z,2008-01-27T00:00:00Z
Guatemala City Guatemala Temple,4,3,1,11610,1.4,33,9,42,NA,6,Detached,Yes,1981-04-01,1982-09-12,1984-12-14,Spencer W. Kimball,1973-12-30 UTC--1985-11-05 UTC,1973-12-30T00:00:00Z,1985-11-05T00:00:00Z
Guayaquil Ecuador Temple,4,3,1,45000,6.2,29,4,33,58.1,1,Attached,Yes,1982-03-31,1996-08-10,1999-08-01,Spencer W. Kimball,1973-12-30 UTC--1985-11-05 UTC,1973-12-30T00:00:00Z,1985-11-05T00:00:00Z
Halifax Nova Scotia Temple,2,2,1,10700,2,2,1,3,209.8,1,Attached,Yes,1998-05-07,1998-10-12,1999-11-14,Gordon B. Hinckley,1995-03-12 UTC--2008-01-27 UTC,1995-03-12T00:00:00Z,2008-01-27T00:00:00Z
Hamilton New Zealand Temple,2,5,1,45251,35,31,3,34,131.2,1,Attached,No,1955-02-17,1955-12-21,1958-04-20,David O. McKay,1951-04-09 UTC--1970-01-18 UTC,1951-04-09T00:00:00Z,1970-01-18T00:00:00Z
Harare Zimbabwe Temple,2,2,1,17250,6.7,NA,NA,NA,NA,1,Attached,No,2016-04-03,2020-12-12,NA,Thomas S. Monson,2008-02-03 UTC--2018-01-02 UTC,2008-02-03T00:00:00Z,2018-01-02T00:00:00Z
Hartford Connecticut Temple,2,2,1,32246,11.3,7,0,7,179.8,1,Attached,Yes,2010-10-02,2013-08-17,2016-11-20,Thomas S. Monson,2008-02-03 UTC--2018-01-02 UTC,2008-02-03T00:00:00Z,2018-01-02T00:00:00Z
Heber Valley Utah Temple,4,4,1,88000,17.9,NA,NA,NA,NA,2,Attached,No,2021-10-03,2022-10-08,NA,Russell M. Nelson,2018-01-14 UTC--2023-10-25 UTC,2018-01-14T00:00:00Z,2023-10-25T00:00:00Z
Helena Montana Temple,1,1,1,9794,4.75,5,0,5,NA,1,Attached,No,2021-04-04,2021-06-26,2023-06-18,Russell M. Nelson,2018-01-14 UTC--2023-10-25 UTC,2018-01-14T00:00:00Z,2023-10-25T00:00:00Z
Helsinki Finland Temple,2,2,1,16350,7.4,4,2,6,87.1,1,Attached,Yes,2000-04-02,2003-03-29,2006-10-22,Gordon B. Hinckley,1995-03-12 UTC--2008-01-27 UTC,1995-03-12T00:00:00Z,2008-01-27T00:00:00Z
Hermosillo Sonora Mexico Temple,2,2,1,10769,1.54,9,7,16,758.8,1,Attached,Yes,1998-07-20,1998-12-05,2000-02-27,Gordon B. Hinckley,1995-03-12 UTC--2008-01-27 UTC,1995-03-12T00:00:00Z,2008-01-27T00:00:00Z
Hong Kong China Temple,2,2,1,51921,0.31,6,7,13,102,1,Attached,No,1992-10-03,1994-01-22,1996-05-26,Ezra Taft Benson,1985-11-10 UTC--1994-05-30 UTC,1985-11-10T00:00:00Z,1994-05-30T00:00:00Z
Houston Texas Temple,2,3,1,33970,11,22,0,22,116.2,1,Attached,Yes,1997-09-30,1998-06-13,2000-08-26,Gordon B. Hinckley,1995-03-12 UTC--2008-01-27 UTC,1995-03-12T00:00:00Z,2008-01-27T00:00:00Z
Huehuetenango Guatemala Temple,1,1,1,10787,NA,NA,NA,NA,NA,NA,NA,NA,2022-10-02,NA,NA,Russell M. Nelson,2018-01-14 UTC--2023-10-25 UTC,2018-01-14T00:00:00Z,2023-10-25T00:00:00Z
Idaho Falls Idaho Temple,4,7,1,85624,8.28,29,0,29,NA,1,Attached,Yes,1937-03-03,1939-12-19,1945-09-23,Heber J. Grant,1918-11-23 UTC--1945-05-14 UTC,1918-11-23T00:00:00Z,1945-05-14T00:00:00Z
Indianapolis Indiana Temple,2,2,1,34000,18.11,10,0,10,849.9,1,Attached,Yes,2010-10-02,2012-09-29,2015-08-23,Thomas S. Monson,2008-02-03 UTC--2018-01-02 UTC,2008-02-03T00:00:00Z,2018-01-02T00:00:00Z
Johannesburg South Africa Temple,4,3,1,19184,1,35,31,66,NA,6,Detached,Yes,1981-04-01,1982-11-27,1985-08-24,Spencer W. Kimball,1973-12-30 UTC--1985-11-05 UTC,1973-12-30T00:00:00Z,1985-11-05T00:00:00Z
Jordan River Utah Temple,6,16,1,148236,15,64,0,64,NA,1,Attached,Yes,1978-02-03,1979-06-09,1981-11-16,Spencer W. Kimball,1973-12-30 UTC--1985-11-05 UTC,1973-12-30T00:00:00Z,1985-11-05T00:00:00Z
Kansas City Missouri Temple,2,3,1,32000,8.05,10,0,10,875.7,2,Attached,Yes,2008-10-04,2010-05-08,2012-05-06,Thomas S. Monson,2008-02-03 UTC--2018-01-02 UTC,2008-02-03T00:00:00Z,2018-01-02T00:00:00Z
Kaohsiung Taiwan Temple,1,1,1,10900,1.26,NA,NA,NA,28.7,1,Attached,No,2021-10-03,2023-11-25,NA,Russell M. Nelson,2018-01-14 UTC--2023-10-25 UTC,2018-01-14T00:00:00Z,2023-10-25T00:00:00Z
Kinshasa Democratic Republic of the Congo Temple,1,1,1,12000,5,31,8,39,914,1,Attached,No,2011-10-01,2016-02-12,2019-04-14,Thomas S. Monson,2008-02-03 UTC--2018-01-02 UTC,2008-02-03T00:00:00Z,2018-01-02T00:00:00Z
Knoxville Tennessee Temple,2,2,1,30000,4.99,NA,NA,NA,989.3,1,Attached,No,2022-04-03,NA,NA,Russell M. Nelson,2018-01-14 UTC--2023-10-25 UTC,2018-01-14T00:00:00Z,2023-10-25T00:00:00Z
Kona Hawaii Temple,2,2,1,10700,7.02,4,0,4,198.4,1,Attached,Yes,1998-05-07,1999-03-13,2000-01-23,Gordon B. Hinckley,1995-03-12 UTC--2008-01-27 UTC,1995-03-12T00:00:00Z,2008-01-27T00:00:00Z
Kumasi Ghana Temple,NA,NA,NA,22750,2.08,NA,NA,NA,918,NA,NA,NA,2021-04-04,NA,NA,Russell M. Nelson,2018-01-14 UTC--2023-10-25 UTC,2018-01-14T00:00:00Z,2023-10-25T00:00:00Z
Kyiv Ukraine Temple,2,2,1,22184,12.35,4,8,12,562.5,1,Attached,Yes,1998-07-20,2007-06-23,2010-08-29,Gordon B. Hinckley,1995-03-12 UTC--2008-01-27 UTC,1995-03-12T00:00:00Z,2008-01-27T00:00:00Z
La Paz Bolivia Temple,NA,NA,NA,18850,3.8,NA,NA,NA,NA,NA,NA,NA,2021-10-03,NA,NA,Russell M. Nelson,2018-01-14 UTC--2023-10-25 UTC,2018-01-14T00:00:00Z,2023-10-25T00:00:00Z
Lagos Nigeria Temple,2,2,1,19800,2.7,NA,NA,NA,5.7,NA,NA,NA,2018-10-07,NA,NA,Russell M. Nelson,2018-01-14 UTC--2023-10-25 UTC,2018-01-14T00:00:00Z,2023-10-25T00:00:00Z
Laie Hawaii Temple,4,5,1,42100,11.4,14,0,14,29.2,1,Attached,No,1915-10-03,1916-02-08,1919-11-27,Joseph F. Smith,1901-10-17 UTC--1918-11-19 UTC,1901-10-17T00:00:00Z,1918-11-19T00:00:00Z
Las Vegas Nevada Temple,4,6,1,80350,10.3,30,0,30,NA,6,Attached,Yes,1984-04-07,1985-11-30,1989-12-16,Spencer W. Kimball,1973-12-30 UTC--1985-11-05 UTC,1973-12-30T00:00:00Z,1985-11-05T00:00:00Z
Layton Utah Temple,NA,NA,NA,87000,11.87,NA,NA,NA,NA,2,Attached,Yes,2018-04-01,2020-05-23,NA,Russell M. Nelson,2018-01-14 UTC--2023-10-25 UTC,2018-01-14T00:00:00Z,2023-10-25T00:00:00Z
Lethbridge Alberta Temple,NA,NA,NA,45000,9,NA,NA,NA,NA,NA,NA,NA,2023-04-02,NA,NA,Russell M. Nelson,2018-01-14 UTC--2023-10-25 UTC,2018-01-14T00:00:00Z,2023-10-25T00:00:00Z
Lima Peru Los Olivos Temple,NA,NA,NA,22077,2.46,NA,NA,NA,332.4,1,Attached,No,2016-04-03,2019-06-08,2024-01-14,Thomas S. Monson,2008-02-03 UTC--2018-01-02 UTC,2008-02-03T00:00:00Z,2018-01-02T00:00:00Z
Lima Peru Temple,4,3,1,9600,4.5,68,7,75,812.7,6,Detached,Yes,1981-04-01,1982-09-11,1986-01-10,Spencer W. Kimball,1973-12-30 UTC--1985-11-05 UTC,1973-12-30T00:00:00Z,1985-11-05T00:00:00Z
Lindon Utah Temple,4,4,2,87005,11.87,NA,NA,NA,NA,2,Attached,No,2020-10-04,2022-04-23,NA,Russell M. Nelson,2018-01-14 UTC--2023-10-25 UTC,2018-01-14T00:00:00Z,2023-10-25T00:00:00Z
Lisbon Portugal Temple,2,1,1,23730,4.6,7,1,8,45.5,1,Attached,Yes,2010-10-02,2015-12-05,2019-09-15,Thomas S. Monson,2008-02-03 UTC--2018-01-02 UTC,2008-02-03T00:00:00Z,2018-01-02T00:00:00Z
Logan Utah Temple,4,11,1,119619,9,43,0,43,NA,2,Attached,No,1876-10-06,1877-05-18,1884-05-17,Brigham Young,1844-06-27 UTC--1877-08-29 UTC,1844-06-27T00:00:00Z,1877-08-29T00:00:00Z
London England Temple,4,8,1,42652,32,19,1,20,196.8,1,Attached,Yes,1953-08-10,1955-08-27,1958-09-07,David O. McKay,1951-04-09 UTC--1970-01-18 UTC,1951-04-09T00:00:00Z,1970-01-18T00:00:00Z
Londrina Brazil Temple,NA,NA,NA,32000,NA,NA,NA,NA,NA,NA,NA,NA,2022-10-02,NA,NA,Russell M. Nelson,2018-01-14 UTC--2023-10-25 UTC,2018-01-14T00:00:00Z,2023-10-25T00:00:00Z
Lone Mountain Nevada Temple,NA,NA,NA,87000,19.8,NA,NA,NA,NA,NA,NA,NA,2022-10-02,NA,NA,Russell M. Nelson,2018-01-14 UTC--2023-10-25 UTC,2018-01-14T00:00:00Z,2023-10-25T00:00:00Z
Los Angeles California Temple,4,10,1,190614,13,36,0,36,289.9,1,Attached,Yes,1937-03-06,1951-09-22,1956-03-11,Heber J. Grant,1918-11-23 UTC--1945-05-14 UTC,1918-11-23T00:00:00Z,1945-05-14T00:00:00Z
Louisville Kentucky Temple,2,2,1,10700,3,9,0,9,785.7,1,Attached,Yes,1999-03-17,1999-05-29,2000-03-19,Gordon B. Hinckley,1995-03-12 UTC--2008-01-27 UTC,1995-03-12T00:00:00Z,2008-01-27T00:00:00Z
Lubbock Texas Temple,2,2,1,16498,2.7,7,1,8,NA,1,Attached,Yes,2000-04-02,2000-11-04,2002-04-21,Gordon B. Hinckley,1995-03-12 UTC--2008-01-27 UTC,1995-03-12T00:00:00Z,2008-01-27T00:00:00Z
Lubumbashi Democratic Republic of the Congo Temple,2,2,1,16700,2.57,NA,NA,NA,NA,1,Attached,No,2020-04-05,2022-08-20,NA,Russell M. Nelson,2018-01-14 UTC--2023-10-25 UTC,2018-01-14T00:00:00Z,2023-10-25T00:00:00Z
Maceió Brazil Temple,NA,NA,NA,19000,NA,NA,NA,NA,229.1,NA,NA,NA,2022-04-03,NA,NA,Russell M. Nelson,2018-01-14 UTC--2023-10-25 UTC,2018-01-14T00:00:00Z,2023-10-25T00:00:00Z
Madrid Spain Temple,4,4,1,45800,3.5,15,1,16,NA,1,Attached,Yes,1993-04-04,1996-06-11,1999-03-19,Ezra Taft Benson,1985-11-10 UTC--1994-05-30 UTC,1985-11-10T00:00:00Z,1994-05-30T00:00:00Z
Managua Nicaragua Temple,2,2,1,25000,8.9,NA,NA,NA,817.9,1,Attached,No,2018-04-01,2022-11-26,NA,Russell M. Nelson,2018-01-14 UTC--2023-10-25 UTC,2018-01-14T00:00:00Z,2023-10-25T00:00:00Z
Manaus Brazil Temple,2,2,1,32032,7.7,13,4,17,106.9,1,Attached,Yes,2007-05-23,2008-06-20,2012-06-10,Gordon B. Hinckley,1995-03-12 UTC--2008-01-27 UTC,1995-03-12T00:00:00Z,2008-01-27T00:00:00Z
Manhattan New York Temple,2,2,1,20630,0.3,11,0,11,80.3,1,Attached,Yes,2002-08-07,2002-09-23,2004-06-13,Gordon B. Hinckley,1995-03-12 UTC--2008-01-27 UTC,1995-03-12T00:00:00Z,2008-01-27T00:00:00Z
Manila Philippines Temple,4,3,1,26683,3.5,85,25,110,167.9,6,Detached,Yes,1981-04-01,1982-08-25,1984-09-25,Spencer W. Kimball,1973-12-30 UTC--1985-11-05 UTC,1973-12-30T00:00:00Z,1985-11-05T00:00:00Z
Manti Utah Temple,4,8,1,74792,27,23,0,23,NA,2,Attached,No,1875-06-25,1877-04-25,1888-05-21,Brigham Young,1844-06-27 UTC--1877-08-29 UTC,1844-06-27T00:00:00Z,1877-08-29T00:00:00Z
McAllen Texas Temple,2,2,1,27897,10.61,5,0,5,107.2,1,Attached,No,2019-10-05,2020-11-21,2023-10-08,Russell M. Nelson,2018-01-14 UTC--2023-10-25 UTC,2018-01-14T00:00:00Z,2023-10-25T00:00:00Z
Medford Oregon Temple,2,2,1,10700,2,7,0,7,NA,1,Attached,Yes,1999-03-15,1999-05-20,2000-04-16,Gordon B. Hinckley,1995-03-12 UTC--2008-01-27 UTC,1995-03-12T00:00:00Z,2008-01-27T00:00:00Z
Melbourne Australia Temple,2,2,1,10700,5.98,11,0,11,314.1,1,Attached,Yes,1998-10-30,1999-03-20,2000-06-16,Gordon B. Hinckley,1995-03-12 UTC--2008-01-27 UTC,1995-03-12T00:00:00Z,2008-01-27T00:00:00Z
Memphis Tennessee Temple,2,2,1,10890,6.35,6,0,6,323.7,1,Attached,Yes,1998-09-17,1999-01-16,2000-04-23,Gordon B. Hinckley,1995-03-12 UTC--2008-01-27 UTC,1995-03-12T00:00:00Z,2008-01-27T00:00:00Z
Mendoza Argentina Temple,2,2,1,21000,15,NA,NA,NA,NA,1,Attached,No,2018-10-07,2020-12-17,NA,Russell M. Nelson,2018-01-14 UTC--2023-10-25 UTC,2018-01-14T00:00:00Z,2023-10-25T00:00:00Z
Mérida Mexico Temple,2,2,1,10700,1.53,14,2,16,34.7,1,Attached,Yes,1998-09-25,1999-01-16,2000-07-08,Gordon B. Hinckley,1995-03-12 UTC--2008-01-27 UTC,1995-03-12T00:00:00Z,2008-01-27T00:00:00Z
Meridian Idaho Temple,3,5,1,67331,15.73,19,0,19,NA,1,Attached,Yes,2011-04-02,2014-08-23,2017-11-19,Thomas S. Monson,2008-02-03 UTC--2018-01-02 UTC,2008-02-03T00:00:00Z,2018-01-02T00:00:00Z
Mesa Arizona Temple,4,6,1,75000,20,29,0,29,NA,0,None,No,1919-10-03,1922-04-25,1927-10-23,Heber J. Grant,1918-11-23 UTC--1945-05-14 UTC,1918-11-23T00:00:00Z,1945-05-14T00:00:00Z
Mexico City Benemérito Mexico Temple,NA,NA,NA,29000,NA,NA,NA,NA,NA,NA,NA,NA,2022-04-03,NA,NA,Russell M. Nelson,2018-01-14 UTC--2023-10-25 UTC,2018-01-14T00:00:00Z,2023-10-25T00:00:00Z
Mexico City Mexico Temple,4,11,1,116642,7,96,4,100,NA,1,Attached,Yes,1976-04-03,1979-11-25,1983-12-02,Spencer W. Kimball,1973-12-30 UTC--1985-11-05 UTC,1973-12-30T00:00:00Z,1985-11-05T00:00:00Z
Miraflores Guatemala City Guatemala Temple,2,2,1,30000,1.5,NA,NA,NA,NA,1,Attached,No,2020-10-04,2022-12-03,NA,Russell M. Nelson,2018-01-14 UTC--2023-10-25 UTC,2018-01-14T00:00:00Z,2023-10-25T00:00:00Z
Modesto California Temple,2,2,1,30000,17.63,NA,NA,NA,81.3,1,Attached,No,2022-04-03,2023-10-07,NA,Russell M. Nelson,2018-01-14 UTC--2023-10-25 UTC,2018-01-14T00:00:00Z,2023-10-25T00:00:00Z
Monterrey Mexico Temple,2,2,1,16498,7.78,26,6,32,NA,1,Attached,Yes,1995-12-21,2000-11-04,2002-04-28,Gordon B. Hinckley,1995-03-12 UTC--2008-01-27 UTC,1995-03-12T00:00:00Z,2008-01-27T00:00:00Z
Montevideo Uruguay Temple,2,2,1,10700,1.59,18,2,20,41.4,1,Attached,Yes,1998-11-02,1999-04-27,2001-03-18,Gordon B. Hinckley,1995-03-12 UTC--2008-01-27 UTC,1995-03-12T00:00:00Z,2008-01-27T00:00:00Z
Monticello Utah Temple,2,2,1,11225,1.33,7,0,7,NA,1,Attached,Yes,1997-10-04,1997-11-17,1998-07-26,Gordon B. Hinckley,1995-03-12 UTC--2008-01-27 UTC,1995-03-12T00:00:00Z,2008-01-27T00:00:00Z
Montpelier Idaho Temple,2,2,1,27000,2.6,NA,NA,NA,NA,1,Attached,No,2022-04-03,2023-06-17,NA,Russell M. Nelson,2018-01-14 UTC--2023-10-25 UTC,2018-01-14T00:00:00Z,2023-10-25T00:00:00Z
Montreal Quebec Temple,2,2,1,11550,2.4,4,1,5,46.5,1,Attached,Yes,1998-08-06,1999-04-09,2000-06-04,Gordon B. Hinckley,1995-03-12 UTC--2008-01-27 UTC,1995-03-12T00:00:00Z,2008-01-27T00:00:00Z
Moses Lake Washington Temple,2,2,1,28933,17.2,5,0,5,NA,1,Attached,No,2019-04-07,2020-10-10,2023-09-17,Russell M. Nelson,2018-01-14 UTC--2023-10-25 UTC,2018-01-14T00:00:00Z,2023-10-25T00:00:00Z
Mount Timpanogos Utah Temple,4,8,1,107240,16.7,41,0,41,NA,1,Attached,Yes,1992-10-03,1993-10-09,1996-10-13,Ezra Taft Benson,1985-11-10 UTC--1994-05-30 UTC,1985-11-10T00:00:00Z,1994-05-30T00:00:00Z
Nairobi Kenya Temple,2,2,1,NA,NA,NA,NA,NA,NA,1,Attached,No,2017-04-02,2021-09-11,NA,Thomas S. Monson,2008-02-03 UTC--2018-01-02 UTC,2008-02-03T00:00:00Z,2018-01-02T00:00:00Z
Nashville Tennessee Temple,2,2,1,10700,6.86,10,0,10,653.1,1,Attached,Yes,1994-11-09,1999-03-13,2000-05-21,Howard W. Hunter,1994-06-05 UTC--1995-03-03 UTC,1994-06-05T00:00:00Z,1995-03-03T00:00:00Z
Natal Brazil Temple,NA,NA,NA,19800,5.53,NA,NA,NA,129.4,NA,NA,NA,2023-04-02,NA,NA,Russell M. Nelson,2018-01-14 UTC--2023-10-25 UTC,2018-01-14T00:00:00Z,2023-10-25T00:00:00Z
Nauvoo Illinois Temple,4,6,1,54000,3.3,5,0,5,650,1,Attached,Yes,1999-04-04,1999-10-24,2002-06-27,Gordon B. Hinckley,1995-03-12 UTC--2008-01-27 UTC,1995-03-12T00:00:00Z,2008-01-27T00:00:00Z
Neiafu Tonga Temple,2,2,1,17000,3.3,NA,NA,NA,101.7,1,Attached,No,2019-04-07,2021-09-11,NA,Russell M. Nelson,2018-01-14 UTC--2023-10-25 UTC,2018-01-14T00:00:00Z,2023-10-25T00:00:00Z
Newport Beach California Temple,2,3,1,17800,8.8,15,0,15,196.1,1,Attached,Yes,2001-04-21,2003-08-15,2005-08-28,Gordon B. Hinckley,1995-03-12 UTC--2008-01-27 UTC,1995-03-12T00:00:00Z,2008-01-27T00:00:00Z
Nuku'alofa Tonga Temple,2,3,1,21184,1.2,21,2,23,49.7,1,Attached,Yes,1980-04-02,1981-02-18,1983-08-09,Spencer W. Kimball,1973-12-30 UTC--1985-11-05 UTC,1973-12-30T00:00:00Z,1985-11-05T00:00:00Z
Oakland California Temple,4,7,1,80157,18.1,27,0,27,664.3,5,Attached,No,1961-01-23,1962-05-26,1964-11-17,David O. McKay,1951-04-09 UTC--1970-01-18 UTC,1951-04-09T00:00:00Z,1970-01-18T00:00:00Z
Oaxaca Mexico Temple,2,2,1,10700,1.87,7,5,12,NA,1,Attached,Yes,1999-02-23,1999-03-13,2000-03-11,Gordon B. Hinckley,1995-03-12 UTC--2008-01-27 UTC,1995-03-12T00:00:00Z,2008-01-27T00:00:00Z
Ogden Utah Temple,6,9,1,112232,9.96,64,0,64,NA,1,Attached,Yes,1967-08-24,1969-09-08,1972-01-18,David O. McKay,1951-04-09 UTC--1970-01-18 UTC,1951-04-09T00:00:00Z,1970-01-18T00:00:00Z
Okinawa Japan Temple,1,1,1,12437,0.55,NA,NA,NA,141.9,1,Attached,No,2019-04-07,2020-12-05,2023-11-12,Russell M. Nelson,2018-01-14 UTC--2023-10-25 UTC,2018-01-14T00:00:00Z,2023-10-25T00:00:00Z
Oklahoma City Oklahoma Temple,2,2,1,10890,1,13,0,13,NA,1,Attached,Yes,1999-03-14,1999-07-03,2000-07-30,Gordon B. Hinckley,1995-03-12 UTC--2008-01-27 UTC,1995-03-12T00:00:00Z,2008-01-27T00:00:00Z
Oquirrh Mountain Utah Temple,4,7,1,60000,11,42,0,42,NA,1,Attached,Yes,2005-10-01,2006-12-16,2009-08-21,Gordon B. Hinckley,1995-03-12 UTC--2008-01-27 UTC,1995-03-12T00:00:00Z,2008-01-27T00:00:00Z
Orem Utah Temple,4,4,1,71998,15.39,NA,NA,NA,NA,1,Attached,No,2019-10-05,2020-09-05,2024-01-21,Russell M. Nelson,2018-01-14 UTC--2023-10-25 UTC,2018-01-14T00:00:00Z,2023-10-25T00:00:00Z
Orlando Florida Temple,4,5,1,70000,13,24,0,24,193.8,1,Attached,Yes,1990-02-17,1992-06-20,1994-10-09,Ezra Taft Benson,1985-11-10 UTC--1994-05-30 UTC,1985-11-10T00:00:00Z,1994-05-30T00:00:00Z
Oslo Norway Temple,1,1,1,10800,8,NA,NA,NA,110.4,1,Attached,No,2021-04-04,NA,NA,Russell M. Nelson,2018-01-14 UTC--2023-10-25 UTC,2018-01-14T00:00:00Z,2023-10-25T00:00:00Z
Pago Pago American Samoa Temple,2,2,1,17000,NA,NA,NA,NA,61,1,Attached,No,2019-04-07,2021-10-30,NA,Russell M. Nelson,2018-01-14 UTC--2023-10-25 UTC,2018-01-14T00:00:00Z,2023-10-25T00:00:00Z
Palmyra New York Temple,2,2,1,10900,5,7,1,8,578.9,1,Attached,Yes,1999-02-21,1999-05-25,2000-04-06,Gordon B. Hinckley,1995-03-12 UTC--2008-01-27 UTC,1995-03-12T00:00:00Z,2008-01-27T00:00:00Z
Panama City Panama Temple,2,2,1,18943,6.96,8,5,13,121.8,1,Attached,Yes,2002-08-23,2005-10-30,2008-08-10,Gordon B. Hinckley,1995-03-12 UTC--2008-01-27 UTC,1995-03-12T00:00:00Z,2008-01-27T00:00:00Z
Papeete Tahiti Temple,2,2,1,12150,1.7,11,2,13,71.1,1,Attached,Yes,1980-04-02,1981-02-13,1983-10-27,Spencer W. Kimball,1973-12-30 UTC--1985-11-05 UTC,1973-12-30T00:00:00Z,1985-11-05T00:00:00Z
Paris France Temple,2,3,1,44175,2.26,8,0,8,390.5,0,None,No,2011-10-01,2012-08-24,2017-05-21,Thomas S. Monson,2008-02-03 UTC--2018-01-02 UTC,2008-02-03T00:00:00Z,2018-01-02T00:00:00Z
Payson Utah Temple,3,7,1,96630,10.63,30,0,30,NA,1,Attached,Yes,2010-01-25,2011-10-08,2015-06-07,Thomas S. Monson,2008-02-03 UTC--2018-01-02 UTC,2008-02-03T00:00:00Z,2018-01-02T00:00:00Z
Perth Australia Temple,2,2,1,10700,2.76,4,0,4,92.5,1,Attached,Yes,1999-06-11,1999-11-20,2001-05-20,Gordon B. Hinckley,1995-03-12 UTC--2008-01-27 UTC,1995-03-12T00:00:00Z,2008-01-27T00:00:00Z
Philadelphia Pennsylvania Temple,2,4,1,61466,1.6,11,0,11,32.6,2,Attached,Yes,2008-10-04,2011-09-17,2016-09-18,Thomas S. Monson,2008-02-03 UTC--2018-01-02 UTC,2008-02-03T00:00:00Z,2018-01-02T00:00:00Z
Phnom Penh Cambodia Temple,1,1,1,10000,3.16,NA,NA,NA,35.3,5,Attached,No,2018-10-07,2021-09-18,NA,Russell M. Nelson,2018-01-14 UTC--2023-10-25 UTC,2018-01-14T00:00:00Z,2023-10-25T00:00:00Z
Phoenix Arizona Temple,2,4,1,64870,5.19,20,0,20,NA,1,Attached,Yes,2008-05-24,2011-06-04,2014-11-16,Thomas S. Monson,2008-02-03 UTC--2018-01-02 UTC,2008-02-03T00:00:00Z,2018-01-02T00:00:00Z
Pittsburgh Pennsylvania Temple,2,2,1,32000,5.8,NA,NA,NA,NA,1,Attached,No,2020-04-05,2021-08-21,NA,Russell M. Nelson,2018-01-14 UTC--2023-10-25 UTC,2018-01-14T00:00:00Z,2023-10-25T00:00:00Z
Pocatello Idaho Temple,4,4,1,71125,10.94,20,0,20,NA,1,Attached,Yes,2017-04-02,2019-03-16,2021-11-07,Thomas S. Monson,2008-02-03 UTC--2018-01-02 UTC,2008-02-03T00:00:00Z,2018-01-02T00:00:00Z
Port Moresby Papua New Guinea Temple,1,1,1,9550,3.76,NA,NA,NA,82.9,1,Attached,No,2019-10-05,2023-04-22,NA,Russell M. Nelson,2018-01-14 UTC--2023-10-25 UTC,2018-01-14T00:00:00Z,2023-10-25T00:00:00Z
Port Vila Vanuatu Temple,1,1,1,10000,1.62,NA,NA,NA,64.1,1,Attached,No,2020-10-04,2023-04-08,NA,Russell M. Nelson,2018-01-14 UTC--2023-10-25 UTC,2018-01-14T00:00:00Z,2023-10-25T00:00:00Z
Port-au-Prince Haiti Temple,1,1,1,10396,1.77,5,4,9,674.7,1,Attached,No,2015-04-05,2017-10-28,2019-09-01,Thomas S. Monson,2008-02-03 UTC--2018-01-02 UTC,2008-02-03T00:00:00Z,2018-01-02T00:00:00Z
Portland Oregon Temple,4,14,1,80500,7.3,31,0,31,235.8,6,Attached,Yes,1984-04-07,1986-09-20,1989-08-19,Spencer W. Kimball,1973-12-30 UTC--1985-11-05 UTC,1973-12-30T00:00:00Z,1985-11-05T00:00:00Z
Porto Alegre Brazil Temple,2,2,1,10700,2,27,5,32,307.7,1,Attached,Yes,1997-09-30,1998-05-02,2000-12-17,Gordon B. Hinckley,1995-03-12 UTC--2008-01-27 UTC,1995-03-12T00:00:00Z,2008-01-27T00:00:00Z
Praia Cape Verde Temple,1,1,1,8759,4.46,4,1,5,17.9,1,Attached,No,2018-10-07,2019-05-04,2022-06-19,Russell M. Nelson,2018-01-14 UTC--2023-10-25 UTC,2018-01-14T00:00:00Z,2023-10-25T00:00:00Z
Preston England Temple,4,4,1,69630,15,23,1,24,361.9,1,Attached,Yes,1992-10-19,1994-06-12,1998-06-07,Ezra Taft Benson,1985-11-10 UTC--1994-05-30 UTC,1985-11-10T00:00:00Z,1994-05-30T00:00:00Z
Provo City Center Temple,3,5,1,85084,5.6,29,0,29,NA,5,Attached,Yes,2011-10-01,2012-05-12,2016-03-20,Thomas S. Monson,2008-02-03 UTC--2018-01-02 UTC,2008-02-03T00:00:00Z,2018-01-02T00:00:00Z
Provo Utah Temple,6,12,1,130825,17,57,0,57,NA,1,Attached,Yes,1967-08-14,1969-09-15,1972-02-09,David O. McKay,1951-04-09 UTC--1970-01-18 UTC,1951-04-09T00:00:00Z,1970-01-18T00:00:00Z
Puebla Mexico Temple,4,3,1,30000,6.84,NA,NA,NA,NA,1,Attached,Yes,2018-10-07,2019-11-30,NA,Russell M. Nelson,2018-01-14 UTC--2023-10-25 UTC,2018-01-14T00:00:00Z,2023-10-25T00:00:00Z
Querétaro Mexico Temple,2,2,1,27500,3.58,NA,NA,NA,NA,1,Attached,No,2021-04-04,2023-01-07,NA,Russell M. Nelson,2018-01-14 UTC--2023-10-25 UTC,2018-01-14T00:00:00Z,2023-10-25T00:00:00Z
Quetzaltenango Guatemala Temple,2,2,1,21085,6.47,19,6,25,NA,1,Attached,Yes,2006-12-16,2009-03-14,2011-12-11,Gordon B. Hinckley,1995-03-12 UTC--2008-01-27 UTC,1995-03-12T00:00:00Z,2008-01-27T00:00:00Z
Quito Ecuador Temple,2,2,1,36780,3.96,16,1,17,NA,1,Attached,Yes,2016-04-03,2019-05-11,2022-11-20,Thomas S. Monson,2008-02-03 UTC--2018-01-02 UTC,2008-02-03T00:00:00Z,2018-01-02T00:00:00Z
Raleigh North Carolina Temple,2,2,1,12864,3.17,14,0,14,447.6,1,Attached,Yes,1998-09-03,1999-02-06,1999-12-18,Gordon B. Hinckley,1995-03-12 UTC--2008-01-27 UTC,1995-03-12T00:00:00Z,2008-01-27T00:00:00Z
Recife Brazil Temple,2,3,1,37200,5.59,45,5,50,15,1,Attached,Yes,1995-01-13,1996-11-11,2000-12-15,Howard W. Hunter,1994-06-05 UTC--1995-03-03 UTC,1994-06-05T00:00:00Z,1995-03-03T00:00:00Z
Red Cliffs Utah Temple,4,6,1,96277,15.12,NA,NA,NA,NA,1,Attached,Yes,2018-10-07,2020-11-07,2024-03-24,Russell M. Nelson,2018-01-14 UTC--2023-10-25 UTC,2018-01-14T00:00:00Z,2023-10-25T00:00:00Z
Redlands California Temple,2,3,1,17300,4.6,19,0,19,NA,1,Attached,Yes,2001-04-21,2001-12-01,2003-09-14,Gordon B. Hinckley,1995-03-12 UTC--2008-01-27 UTC,1995-03-12T00:00:00Z,2008-01-27T00:00:00Z
Regina Saskatchewan Temple,2,2,1,10700,1,2,0,2,NA,1,Attached,Yes,1998-08-03,1998-11-14,1999-11-14,Gordon B. Hinckley,1995-03-12 UTC--2008-01-27 UTC,1995-03-12T00:00:00Z,2008-01-27T00:00:00Z
Reno Nevada Temple,2,2,1,10700,7.9,10,0,10,NA,1,Attached,Yes,1999-04-12,1999-07-24,2000-04-23,Gordon B. Hinckley,1995-03-12 UTC--2008-01-27 UTC,1995-03-12T00:00:00Z,2008-01-27T00:00:00Z
Rexburg Idaho Temple,4,5,1,57504,10,27,0,27,NA,1,Attached,Yes,2003-12-12,2005-07-30,2008-02-10,Gordon B. Hinckley,1995-03-12 UTC--2008-01-27 UTC,1995-03-12T00:00:00Z,2008-01-27T00:00:00Z
Ribeirão Preto Brazil Temple,NA,NA,NA,32000,NA,NA,NA,NA,NA,NA,NA,NA,2022-10-02,NA,NA,Russell M. Nelson,2018-01-14 UTC--2023-10-25 UTC,2018-01-14T00:00:00Z,2023-10-25T00:00:00Z
Richmond Virginia Temple,4,3,1,39202,12,13,0,13,280.7,1,Attached,Yes,2018-04-01,2020-04-11,2023-05-07,Russell M. Nelson,2018-01-14 UTC--2023-10-25 UTC,2018-01-14T00:00:00Z,2023-10-25T00:00:00Z
Rio de Janeiro Brazil Temple,2,2,1,29966,9.44,17,3,20,9.4,1,Attached,Yes,2013-04-06,2017-03-04,2022-05-08,Thomas S. Monson,2008-02-03 UTC--2018-01-02 UTC,2008-02-03T00:00:00Z,2018-01-02T00:00:00Z
Rome Italy Temple,2,3,1,41010,14.5,11,3,14,167.2,2,Attached,Yes,2008-10-04,2010-10-23,2019-03-10,Thomas S. Monson,2008-02-03 UTC--2018-01-02 UTC,2008-02-03T00:00:00Z,2018-01-02T00:00:00Z
Sacramento California Temple,2,4,1,19500,46,17,0,17,257,1,Attached,Yes,2001-04-21,2004-08-22,2006-09-03,Gordon B. Hinckley,1995-03-12 UTC--2008-01-27 UTC,1995-03-12T00:00:00Z,2008-01-27T00:00:00Z
Salt Lake Temple,5,23,2,403000,10,60,1,61,NA,6,Attached,Yes,1847-07-28,1853-02-14,1893-04-06,Brigham Young,1844-06-27 UTC--1877-08-29 UTC,1844-06-27T00:00:00Z,1877-08-29T00:00:00Z
Salta Argentina Temple,2,2,1,NA,17.72,NA,NA,NA,NA,1,Attached,Yes,2018-04-01,2020-11-04,NA,Russell M. Nelson,2018-01-14 UTC--2023-10-25 UTC,2018-01-14T00:00:00Z,2023-10-25T00:00:00Z
Salvador Brazil Temple,2,2,1,31530,4.6,NA,NA,NA,82.8,1,Attached,No,2018-10-07,2021-08-07,NA,Russell M. Nelson,2018-01-14 UTC--2023-10-25 UTC,2018-01-14T00:00:00Z,2023-10-25T00:00:00Z
San Antonio Texas Temple,2,2,1,16800,5.5,16,1,17,NA,1,Attached,Yes,2001-06-24,2003-03-29,2005-05-22,Gordon B. Hinckley,1995-03-12 UTC--2008-01-27 UTC,1995-03-12T00:00:00Z,2008-01-27T00:00:00Z
San Diego California Temple,4,8,1,72000,7.2,16,0,16,338.3,10,Attached,Yes,1984-04-07,1988-02-27,1993-04-25,Spencer W. Kimball,1973-12-30 UTC--1985-11-05 UTC,1973-12-30T00:00:00Z,1985-11-05T00:00:00Z
San Jose California Temple,2,2,1,30000,4.73,NA,NA,NA,181.3,NA,NA,NA,2023-04-02,NA,NA,Russell M. Nelson,2018-01-14 UTC--2023-10-25 UTC,2018-01-14T00:00:00Z,2023-10-25T00:00:00Z
San José Costa Rica Temple,2,2,1,10700,1.93,10,1,11,NA,1,Attached,Yes,1999-03-17,1999-04-24,2000-06-04,Gordon B. Hinckley,1995-03-12 UTC--2008-01-27 UTC,1995-03-12T00:00:00Z,2008-01-27T00:00:00Z
San Juan Puerto Rico Temple,1,1,1,6988,2.97,5,1,6,223.2,1,Attached,No,2018-10-07,2019-05-04,2023-01-15,Russell M. Nelson,2018-01-14 UTC--2023-10-25 UTC,2018-01-14T00:00:00Z,2023-10-25T00:00:00Z
San Luis Potosí Mexico Temple,1,1,1,9300,3.87,NA,NA,NA,NA,NA,NA,NA,2022-04-03,NA,NA,Russell M. Nelson,2018-01-14 UTC--2023-10-25 UTC,2018-01-14T00:00:00Z,2023-10-25T00:00:00Z
San Pedro Sula Honduras Temple,4,3,1,30000,9.03,NA,NA,NA,324,1,Attached,No,2019-04-07,2020-09-05,NA,Russell M. Nelson,2018-01-14 UTC--2023-10-25 UTC,2018-01-14T00:00:00Z,2023-10-25T00:00:00Z
San Salvador El Salvador Temple,2,2,1,27986,6.5,22,0,22,NA,1,Attached,Yes,2007-11-18,2008-09-20,2011-08-21,Gordon B. Hinckley,1995-03-12 UTC--2008-01-27 UTC,1995-03-12T00:00:00Z,2008-01-27T00:00:00Z
Santa Cruz Bolivia Temple,2,2,1,29000,NA,NA,NA,NA,NA,NA,NA,NA,2020-10-04,NA,NA,Russell M. Nelson,2018-01-14 UTC--2023-10-25 UTC,2018-01-14T00:00:00Z,2023-10-25T00:00:00Z
Santiago Chile Temple,2,3,1,20831,2.61,51,6,57,NA,1,Attached,Yes,1980-04-02,1981-05-30,1983-09-15,Spencer W. Kimball,1973-12-30 UTC--1985-11-05 UTC,1973-12-30T00:00:00Z,1985-11-05T00:00:00Z
Santiago West Chile Temple,NA,NA,NA,12500,NA,NA,NA,NA,NA,NA,NA,NA,2021-10-03,NA,NA,Russell M. Nelson,2018-01-14 UTC--2023-10-25 UTC,2018-01-14T00:00:00Z,2023-10-25T00:00:00Z
Santo Domingo Dominican Republic Temple,4,4,1,67000,6.42,23,13,36,132.5,1,Attached,Yes,1993-11-16,1996-08-18,2000-09-17,Ezra Taft Benson,1985-11-10 UTC--1994-05-30 UTC,1985-11-10T00:00:00Z,1994-05-30T00:00:00Z
Santos Brazil Temple,NA,NA,NA,23000,NA,NA,NA,NA,11.6,NA,NA,NA,2022-04-03,NA,NA,Russell M. Nelson,2018-01-14 UTC--2023-10-25 UTC,2018-01-14T00:00:00Z,2023-10-25T00:00:00Z
São Paulo Brazil Temple,2,4,1,59246,1.85,47,0,47,NA,1,Attached,Yes,1975-03-01,1976-03-20,1978-10-30,Spencer W. Kimball,1973-12-30 UTC--1985-11-05 UTC,1973-12-30T00:00:00Z,1985-11-05T00:00:00Z
São Paulo East Brazil Temple,NA,NA,NA,46050,10.7,NA,NA,NA,NA,NA,NA,NA,2020-10-04,NA,NA,Russell M. Nelson,2018-01-14 UTC--2023-10-25 UTC,2018-01-14T00:00:00Z,2023-10-25T00:00:00Z
Sapporo Japan Temple,2,3,1,48480,9.8,2,2,4,65,5,Attached,Yes,2009-10-03,2011-10-22,2016-08-21,Thomas S. Monson,2008-02-03 UTC--2018-01-02 UTC,2008-02-03T00:00:00Z,2018-01-02T00:00:00Z
Saratoga Springs Utah Temple,4,6,1,97836,22.71,33,0,33,NA,1,Attached,Yes,2017-04-02,2019-10-19,2023-08-13,Thomas S. Monson,2008-02-03 UTC--2018-01-02 UTC,2008-02-03T00:00:00Z,2018-01-02T00:00:00Z
Seattle Washington Temple,4,13,1,110000,23.5,31,0,31,412.7,1,Attached,Yes,1975-11-15,1978-05-27,1980-11-17,Spencer W. Kimball,1973-12-30 UTC--1985-11-05 UTC,1973-12-30T00:00:00Z,1985-11-05T00:00:00Z
Seoul Korea Temple,4,3,1,28057,1,12,5,17,83.3,6,Detached,Yes,1981-04-01,1983-05-09,1985-12-14,Spencer W. Kimball,1973-12-30 UTC--1985-11-05 UTC,1973-12-30T00:00:00Z,1985-11-05T00:00:00Z
Singapore Temple,NA,NA,NA,NA,1,NA,NA,NA,18.6,1,Attached,No,2021-04-04,NA,NA,Russell M. Nelson,2018-01-14 UTC--2023-10-25 UTC,2018-01-14T00:00:00Z,2023-10-25T00:00:00Z
Smithfield Utah Temple,4,4,2,81000,13.3,NA,NA,NA,NA,2,Attached,No,2021-04-04,2022-06-18,NA,Russell M. Nelson,2018-01-14 UTC--2023-10-25 UTC,2018-01-14T00:00:00Z,2023-10-25T00:00:00Z
Snowflake Arizona Temple,2,2,1,18621,7.5,14,0,14,NA,1,Attached,Yes,2000-04-02,2000-09-23,2002-03-03,Gordon B. Hinckley,1995-03-12 UTC--2008-01-27 UTC,1995-03-12T00:00:00Z,2008-01-27T00:00:00Z
Spokane Washington Temple,2,2,1,10700,2,16,0,16,NA,1,Attached,Yes,1998-08-13,1998-10-10,1999-08-21,Gordon B. Hinckley,1995-03-12 UTC--2008-01-27 UTC,1995-03-12T00:00:00Z,2008-01-27T00:00:00Z
St. George Utah Temple,3,18,1,143969,6.5,37,0,37,NA,1,Attached,No,1871-01-31,1871-11-09,1877-04-06,Brigham Young,1844-06-27 UTC--1877-08-29 UTC,1844-06-27T00:00:00Z,1877-08-29T00:00:00Z
St. Louis Missouri Temple,4,4,1,58749,14,10,0,10,581.8,1,Attached,Yes,1990-12-29,1993-10-30,1997-06-01,Ezra Taft Benson,1985-11-10 UTC--1994-05-30 UTC,1985-11-10T00:00:00Z,1994-05-30T00:00:00Z
St. Paul Minnesota Temple,2,2,1,10700,7.5,9,0,9,NA,1,Attached,Yes,1998-07-29,1998-09-26,2000-01-09,Gordon B. Hinckley,1995-03-12 UTC--2008-01-27 UTC,1995-03-12T00:00:00Z,2008-01-27T00:00:00Z
Star Valley Wyoming Temple,1,1,1,18609,43.6,5,0,5,NA,1,Attached,Yes,2011-10-01,2015-04-25,2016-10-30,Thomas S. Monson,2008-02-03 UTC--2018-01-02 UTC,2008-02-03T00:00:00Z,2018-01-02T00:00:00Z
Stockholm Sweden Temple,4,3,1,16366,4.47,5,2,7,138.3,6,Detached,Yes,1981-04-01,1984-03-17,1985-07-02,Spencer W. Kimball,1973-12-30 UTC--1985-11-05 UTC,1973-12-30T00:00:00Z,1985-11-05T00:00:00Z
Suva Fiji Temple,2,2,1,12755,4.7,9,21,30,308.3,1,Attached,Yes,1998-05-07,1999-05-08,2000-06-18,Gordon B. Hinckley,1995-03-12 UTC--2008-01-27 UTC,1995-03-12T00:00:00Z,2008-01-27T00:00:00Z
Sydney Australia Temple,2,3,1,30677,3,11,2,13,418.2,1,Attached,Yes,1980-04-02,1982-08-13,1984-09-20,Spencer W. Kimball,1973-12-30 UTC--1985-11-05 UTC,1973-12-30T00:00:00Z,1985-11-05T00:00:00Z
Syracuse Utah Temple,4,4,2,88886,12.27,NA,NA,NA,NA,1,Attached,No,2020-04-05,2021-06-12,NA,Russell M. Nelson,2018-01-14 UTC--2023-10-25 UTC,2018-01-14T00:00:00Z,2023-10-25T00:00:00Z
Taipei Taiwan Temple,4,3,1,9945,0.5,16,0,16,16,6,Detached,Yes,1982-03-31,1982-08-27,1984-11-17,Spencer W. Kimball,1973-12-30 UTC--1985-11-05 UTC,1973-12-30T00:00:00Z,1985-11-05T00:00:00Z
Tallahassee Florida Temple,2,2,1,29000,4.97,NA,NA,NA,204.4,1,Attached,No,2020-04-05,2021-06-05,NA,Russell M. Nelson,2018-01-14 UTC--2023-10-25 UTC,2018-01-14T00:00:00Z,2023-10-25T00:00:00Z
Tampa Florida Temple,2,2,1,30000,16.2,NA,NA,NA,65.6,1,Attached,No,2022-04-03,NA,NA,Russell M. Nelson,2018-01-14 UTC--2023-10-25 UTC,2018-01-14T00:00:00Z,2023-10-25T00:00:00Z
Tampico Mexico Temple,2,2,1,10700,2.96,11,2,13,73,1,Attached,Yes,1998-07-08,1998-11-28,2000-05-20,Gordon B. Hinckley,1995-03-12 UTC--2008-01-27 UTC,1995-03-12T00:00:00Z,2008-01-27T00:00:00Z
Tarawa Kiribati Temple,1,1,1,10000,0.8,NA,NA,NA,25.5,1,Attached,No,2020-10-04,NA,NA,Russell M. Nelson,2018-01-14 UTC--2023-10-25 UTC,2018-01-14T00:00:00Z,2023-10-25T00:00:00Z
Taylorsville Utah Temple,4,4,1,70460,7.5,NA,NA,NA,NA,1,Attached,No,2019-10-05,2020-10-31,NA,Russell M. Nelson,2018-01-14 UTC--2023-10-25 UTC,2018-01-14T00:00:00Z,2023-10-25T00:00:00Z
Tegucigalpa Honduras Temple,2,2,1,28254,13.6,43,9,52,NA,1,Attached,Yes,2006-06-09,2009-09-12,2013-03-17,Gordon B. Hinckley,1995-03-12 UTC--2008-01-27 UTC,1995-03-12T00:00:00Z,2008-01-27T00:00:00Z
Teresina Brazil Temple,NA,NA,NA,25420,3.6,NA,NA,NA,213.7,NA,NA,NA,2023-04-02,NA,NA,Russell M. Nelson,2018-01-14 UTC--2023-10-25 UTC,2018-01-14T00:00:00Z,2023-10-25T00:00:00Z
Teton River Idaho Temple,NA,NA,NA,130000,16.6,NA,NA,NA,NA,NA,NA,NA,2021-10-03,NA,NA,Russell M. Nelson,2018-01-14 UTC--2023-10-25 UTC,2018-01-14T00:00:00Z,2023-10-25T00:00:00Z
The Gila Valley Arizona Temple,2,2,1,18561,17,6,0,6,NA,1,Attached,Yes,2008-04-26,2009-02-14,2010-05-23,Thomas S. Monson,2008-02-03 UTC--2018-01-02 UTC,2008-02-03T00:00:00Z,2018-01-02T00:00:00Z
The Hague Netherlands Temple,2,2,1,10500,2.7,4,0,4,-3.5,1,Attached,Yes,1999-08-16,2000-08-26,2002-09-08,Gordon B. Hinckley,1995-03-12 UTC--2008-01-27 UTC,1995-03-12T00:00:00Z,2008-01-27T00:00:00Z
Tijuana Mexico Temple,2,2,1,33367,9.4,10,0,10,172.4,1,Attached,Yes,2010-10-02,2012-08-18,2015-12-13,Thomas S. Monson,2008-02-03 UTC--2018-01-02 UTC,2008-02-03T00:00:00Z,2018-01-02T00:00:00Z
Tokyo Japan Temple,2,5,1,53997,1.22,16,4,20,80.9,1,Attached,Yes,1975-08-09,1978-04-10,1980-10-27,Spencer W. Kimball,1973-12-30 UTC--1985-11-05 UTC,1973-12-30T00:00:00Z,1985-11-05T00:00:00Z
Toronto Ontario Temple,4,6,1,57982,13.4,8,1,9,797.8,1,Attached,Yes,1984-04-07,1987-10-10,1990-08-25,Spencer W. Kimball,1973-12-30 UTC--1985-11-05 UTC,1973-12-30T00:00:00Z,1985-11-05T00:00:00Z
Torreón Mexico Temple,1,1,1,10000,0.89,NA,NA,NA,NA,1,Attached,No,2021-04-04,2022-12-10,NA,Russell M. Nelson,2018-01-14 UTC--2023-10-25 UTC,2018-01-14T00:00:00Z,2023-10-25T00:00:00Z
Trujillo Peru Temple,2,2,1,28200,8.9,29,6,35,126.2,1,Attached,Yes,2008-12-13,2011-09-14,2015-06-21,Thomas S. Monson,2008-02-03 UTC--2018-01-02 UTC,2008-02-03T00:00:00Z,2018-01-02T00:00:00Z
Tucson Arizona Temple,2,2,1,38216,7,9,0,9,NA,1,Attached,Yes,2012-10-06,2015-10-17,2017-08-13,Thomas S. Monson,2008-02-03 UTC--2018-01-02 UTC,2008-02-03T00:00:00Z,2018-01-02T00:00:00Z
Tuxtla Gutiérrez Mexico Temple,2,2,1,10700,1.56,7,6,13,NA,1,Attached,Yes,1999-02-25,1999-03-20,2000-03-12,Gordon B. Hinckley,1995-03-12 UTC--2008-01-27 UTC,1995-03-12T00:00:00Z,2008-01-27T00:00:00Z
Twin Falls Idaho Temple,2,3,1,31245,9.1,16,0,16,NA,1,Attached,Yes,2004-10-02,2006-04-15,2008-08-24,Gordon B. Hinckley,1995-03-12 UTC--2008-01-27 UTC,1995-03-12T00:00:00Z,2008-01-27T00:00:00Z
Urdaneta Philippines Temple,2,3,1,NA,15.26,NA,NA,NA,93.4,1,Attached,Yes,2010-10-02,2019-01-16,NA,Thomas S. Monson,2008-02-03 UTC--2018-01-02 UTC,2008-02-03T00:00:00Z,2018-01-02T00:00:00Z
Vancouver British Columbia Temple,2,2,1,28165,11.6,8,1,9,251.4,1,Attached,Yes,2006-05-25,2007-08-04,2010-05-02,Gordon B. Hinckley,1995-03-12 UTC--2008-01-27 UTC,1995-03-12T00:00:00Z,2008-01-27T00:00:00Z
Veracruz Mexico Temple,2,2,1,10700,3.39,13,1,14,48.6,1,Attached,Yes,1999-04-14,1999-05-29,2000-07-09,Gordon B. Hinckley,1995-03-12 UTC--2008-01-27 UTC,1995-03-12T00:00:00Z,2008-01-27T00:00:00Z
Vernal Utah Temple,2,3,1,38771,1.6,14,0,14,NA,2,Attached,Yes,1994-02-13,1995-05-13,1997-11-02,Ezra Taft Benson,1985-11-10 UTC--1994-05-30 UTC,1985-11-10T00:00:00Z,1994-05-30T00:00:00Z
Villahermosa Mexico Temple,2,2,1,10700,1.36,6,3,9,62.1,1,Attached,Yes,1998-10-30,1999-01-09,2000-05-21,Gordon B. Hinckley,1995-03-12 UTC--2008-01-27 UTC,1995-03-12T00:00:00Z,2008-01-27T00:00:00Z
Vitória Brazil Temple,1,1,1,10600,NA,NA,NA,NA,0.2,NA,NA,NA,2021-10-03,NA,NA,Russell M. Nelson,2018-01-14 UTC--2023-10-25 UTC,2018-01-14T00:00:00Z,2023-10-25T00:00:00Z
Washington D.C. Temple,6,10,1,156558,52,25,0,25,289.4,6,Attached,Yes,1968-11-15,1968-12-07,1974-11-19,David O. McKay,1951-04-09 UTC--1970-01-18 UTC,1951-04-09T00:00:00Z,1970-01-18T00:00:00Z
Wellington New Zealand Temple,NA,NA,NA,14900,3.35,NA,NA,NA,70.1,NA,NA,NA,2022-04-03,NA,NA,Russell M. Nelson,2018-01-14 UTC--2023-10-25 UTC,2018-01-14T00:00:00Z,2023-10-25T00:00:00Z
Wichita Kansas Temple,1,1,1,9950,6.42,NA,NA,NA,NA,NA,NA,NA,2022-04-03,NA,NA,Russell M. Nelson,2018-01-14 UTC--2023-10-25 UTC,2018-01-14T00:00:00Z,2023-10-25T00:00:00Z
Willamette Valley Oregon Temple,2,2,1,30000,10.5,NA,NA,NA,429.4,1,Attached,No,2021-04-04,2022-10-29,NA,Russell M. Nelson,2018-01-14 UTC--2023-10-25 UTC,2018-01-14T00:00:00Z,2023-10-25T00:00:00Z
Winnipeg Manitoba Temple,1,1,1,16100,7.7,2,0,2,766.2,1,Attached,Yes,2011-04-02,2016-12-03,2021-10-31,Thomas S. Monson,2008-02-03 UTC--2018-01-02 UTC,2008-02-03T00:00:00Z,2018-01-02T00:00:00Z
Winter Quarters Nebraska Temple,2,2,1,16000,1.92,11,0,11,NA,1,Attached,Yes,1999-06-14,1999-11-28,2001-04-22,Gordon B. Hinckley,1995-03-12 UTC--2008-01-27 UTC,1995-03-12T00:00:00Z,2008-01-27T00:00:00Z
Yigo Guam Temple,1,1,1,6861,5.8,2,1,3,487.1,1,Attached,No,2018-10-07,2019-05-04,2022-05-22,Russell M. Nelson,2018-01-14 UTC--2023-10-25 UTC,2018-01-14T00:00:00Z,2023-10-25T00:00:00Z
Yorba Linda California Temple,2,2,1,30872,5.46,NA,NA,NA,361.8,1,Attached,No,2021-04-04,2022-06-18,NA,Russell M. Nelson,2018-01-14 UTC--2023-10-25 UTC,2018-01-14T00:00:00Z,2023-10-25T00:00:00Z
