temple,instructionrooms,sealingrooms,baptismrooms,squarefootage,acreage,stakes,districts,all_units,elevation_ft,tower_spire,att_tower_spire,angelmoroni,announcement,groundbreaking,dedication,temple_urls,temple_address,lat,long,prophet,interval,prophet_start,prophet_end
Aba Nigeria Temple,2,2,1,11500,6.3,70,15,85,192.2,1,Attached,Yes,2000-04-02,2002-02-23,2005-08-07,https://churchofjesuschristtemples.org/aba-nigeria-temple,"72-80 Okpu-Umuobo Rd, Aba, Abia State, Nigeria",5.16667,7.35,Gordon B. Hinckley,1995-03-12 UTC--2008-01-27 UTC,1995-03-12T00:00:00Z,2008-01-27T00:00:00Z
Abidjan Ivory Coast Temple,NA,NA,NA,NA,0.55,NA,NA,NA,173.1,1,Attached,Yes,2015-04-05,2018-11-08,NA,https://churchofjesuschristtemples.org/abidjan-ivory-coast-temple,"1874 Boulevard de France, Abidjan, Cote d'Ivoire",5.335469769255,-4.011394197845,Thomas S. Monson,2008-02-03 UTC--2018-01-02 UTC,2008-02-03T00:00:00Z,2018-01-02T00:00:00Z
Accra Ghana Temple,2,2,1,17500,6,69,27,96,131.8,1,Attached,Yes,1998-02-16,2001-11-16,2004-01-11,https://churchofjesuschristtemples.org/accra-ghana-temple,"57 Independence Ave, North Ridge, P.M.B. CT 209, Cantonments, Accra, Ghana",5.58123,-0.17572,Gordon B. Hinckley,1995-03-12 UTC--2008-01-27 UTC,1995-03-12T00:00:00Z,2008-01-27T00:00:00Z
Adelaide Australia Temple,2,2,1,10700,6.94,3,1,4,137.7,1,Attached,Yes,1999-03-17,1999-05-29,2000-06-15,https://churchofjesuschristtemples.org/adelaide-australia-temple,"53-59 Lower Portrush Rd, Marden, South Australia 5070, Australia",-34.890555252736,138.634494784584,Gordon B. Hinckley,1995-03-12 UTC--2008-01-27 UTC,1995-03-12T00:00:00Z,2008-01-27T00:00:00Z
Alabang Philippines Temple,NA,NA,NA,NA,2.6,NA,NA,NA,57.5,1,Attached,No,2017-04-02,2020-06-04,NA,https://churchofjesuschristtemples.org/alabang-philippines-temple,"Filinvest Avenue and Corporate Avenue, Alabang, Muntinlupa, Metro Manila, Philippines",14.412030020921,121.038870038948,Thomas S. Monson,2008-02-03 UTC--2018-01-02 UTC,2008-02-03T00:00:00Z,2018-01-02T00:00:00Z
Albuquerque New Mexico Temple,2,3,1,34245,8.5,14,0,14,NA,1,Attached,Yes,1997-04-04,1998-06-20,2000-03-05,https://churchofjesuschristtemples.org/albuquerque-new-mexico-temple,"10301 San Francisco Rd NE, Albuquerque, New Mexico 87122-3437, United States",35.167344010047,-106.524979987426,Gordon B. Hinckley,1995-03-12 UTC--2008-01-27 UTC,1995-03-12T00:00:00Z,2008-01-27T00:00:00Z
Anchorage Alaska Temple,2,1,1,11937,5.4,9,0,9,205.1,1,Attached,Yes,1997-10-04,1998-04-17,1999-01-09,https://churchofjesuschristtemples.org/anchorage-alaska-temple,"13161 Brayton Dr, Anchorage, Alaska 99516, United States",61.101678014315,-149.840494156741,Gordon B. Hinckley,1995-03-12 UTC--2008-01-27 UTC,1995-03-12T00:00:00Z,2008-01-27T00:00:00Z
Antofagasta Chile Temple,NA,NA,NA,23000,1.9,NA,NA,NA,66.5,1,Attached,No,2019-04-07,2020-11-27,NA,https://churchofjesuschristtemples.org/antofagasta-chile-temple,"Avenida de Las Palmeras 44, Antofagasta, Chile",-23.571547077692,-70.393799550996,Russell M. Nelson,2018-01-14 UTC--2023-10-26 UTC,2018-01-14T00:00:00Z,2023-10-26T00:00:00Z
Apia Samoa Temple,2,2,1,18691,2,25,0,25,36.6,1,Attached,Yes,1977-10-15,1981-02-19,1983-08-05,https://churchofjesuschristtemples.org/apia-samoa-temple,"Vaitele Street, Pesega, Apia, Samoa",-13.839193475241,-171.764726881183,Spencer W. Kimball,1973-12-30 UTC--1985-11-05 UTC,1973-12-30T00:00:00Z,1985-11-05T00:00:00Z
Arequipa Peru Temple,2,2,1,26969,7.91,21,5,26,NA,1,Attached,Yes,2012-10-06,2017-03-04,2019-12-15,https://churchofjesuschristtemples.org/arequipa-peru-temple,"Calle Cusco 380, Carmen Alto, Distrito De Cayma, Arequipa, Arequipa, Peru",-16.361404404326,-71.542618587105,Thomas S. Monson,2008-02-03 UTC--2018-01-02 UTC,2008-02-03T00:00:00Z,2018-01-02T00:00:00Z
Asunción Paraguay Temple,2,2,1,11906,1.13,16,15,31,356.3,1,Attached,Yes,2000-04-02,2001-02-03,2002-05-19,https://churchofjesuschristtemples.org/asuncion-paraguay-temple,"Avda Brasilia Esquina Avda España, Asunción, Paraguay",-25.26691503482,-57.597631382462,Gordon B. Hinckley,1995-03-12 UTC--2008-01-27 UTC,1995-03-12T00:00:00Z,2008-01-27T00:00:00Z
Atlanta Georgia Temple,4,4,1,34500,9.6,17,0,17,NA,1,Attached,Yes,1980-04-02,1981-03-07,1983-06-01,https://churchofjesuschristtemples.org/atlanta-georgia-temple,"6450 Barfield Rd NE, Sandy Springs, Georgia 30328-4283, United States",33.93173698519,-84.362479990517,Spencer W. Kimball,1973-12-30 UTC--1985-11-05 UTC,1973-12-30T00:00:00Z,1985-11-05T00:00:00Z
Auckland New Zealand Temple,4,3,1,NA,NA,NA,NA,NA,196.9,1,Attached,No,2018-10-07,2020-06-13,NA,https://churchofjesuschristtemples.org/auckland-new-zealand-temple,"Redoubt Road, Manukau, Auckland, New Zealand",-36.992329415973,174.886419197714,Russell M. Nelson,2018-01-14 UTC--2023-10-26 UTC,2018-01-14T00:00:00Z,2023-10-26T00:00:00Z
Austin Texas Temple,2,2,1,30000,10.6,NA,NA,NA,897.6,1,Attached,No,2022-04-03,NA,NA,https://churchofjesuschristtemples.org/austin-texas-temple,"1801 East Park Street, Cedar Park, Texas, United States",30.516850012595,-97.796062751578,Russell M. Nelson,2018-01-14 UTC--2023-10-26 UTC,2018-01-14T00:00:00Z,2023-10-26T00:00:00Z
Bacolod Philippines Temple,2,2,1,26700,12.3,NA,NA,NA,93.1,1,Attached,No,2019-10-05,2021-12-11,NA,https://churchofjesuschristtemples.org/bacolod-philippines-temple,"Bacolod Airport Access Road, Bacolod, Philippines",10.704893293787,122.991296918608,Russell M. Nelson,2018-01-14 UTC--2023-10-26 UTC,2018-01-14T00:00:00Z,2023-10-26T00:00:00Z
Bahía Blanca Argentina Temple,2,2,1,19000,8.14,NA,NA,NA,134.1,1,Attached,No,2020-04-05,2022-04-09,NA,https://churchofjesuschristtemples.org/bahia-blanca-argentina-temple,"Avenida Alberto Pedro Cabrera, Aldea Romana, Bahia Blanca, Argentina",-38.686053171006,-62.228634804465,Russell M. Nelson,2018-01-14 UTC--2023-10-26 UTC,2018-01-14T00:00:00Z,2023-10-26T00:00:00Z
Bakersfield California Temple,2,2,1,30000,13.07,NA,NA,NA,366,NA,NA,NA,2023-04-02,NA,NA,https://churchofjesuschristtemples.org/bakersfield-california-temple,"Stockdale Highway and Jewetta Avenue, Bakersfield, California, United States",35.353910003488,-119.136819988087,Russell M. Nelson,2018-01-14 UTC--2023-10-26 UTC,2018-01-14T00:00:00Z,2023-10-26T00:00:00Z
Bangkok Thailand Temple,NA,NA,NA,48525,1.77,13,21,34,12,9,Attached,No,2015-04-05,2019-01-26,2023-10-22,https://churchofjesuschristtemples.org/bangkok-thailand-temple,"1645/6 New Petchaburi Road, Makkasan, Ratchathewi, Bangkok, 10400, Thailand",13.749639267917,100.562665211299,Thomas S. Monson,2008-02-03 UTC--2018-01-02 UTC,2008-02-03T00:00:00Z,2018-01-02T00:00:00Z
Barcelona Spain Temple,2,2,1,27500,5.4,NA,NA,NA,573,NA,NA,NA,2022-04-03,NA,NA,https://churchofjesuschristtemples.org/barcelona-spain-temple,"Avinguda de la Vía Augusta y Avinguda de la Clota, Sant Cugat del Vallès, Barcelona, Spain",41.48760121213,2.065173575313,Russell M. Nelson,2018-01-14 UTC--2023-10-26 UTC,2018-01-14T00:00:00Z,2023-10-26T00:00:00Z
Barranquilla Colombia Temple,2,1,1,25349,5.93,7,2,9,174.1,1,Attached,Yes,2011-10-01,2016-02-20,2018-12-09,https://churchofjesuschristtemples.org/barranquilla-colombia-temple,"Carrera 46 via Al Mar PR 107, Sentido, Barranquilla, Atlantico, Colombia",11.015388393551,-74.847607849046,Thomas S. Monson,2008-02-03 UTC--2018-01-02 UTC,2008-02-03T00:00:00Z,2018-01-02T00:00:00Z
Baton Rouge Louisiana Temple,2,2,1,10890,6.3,9,0,9,18,1,Attached,Yes,1998-10-14,1999-05-08,2000-07-16,https://churchofjesuschristtemples.org/baton-rouge-louisiana-temple,"10339 Highland Rd, Baton Rouge, Louisiana 70810, United States",30.362681122666,-91.108438843446,Gordon B. Hinckley,1995-03-12 UTC--2008-01-27 UTC,1995-03-12T00:00:00Z,2008-01-27T00:00:00Z
Belém Brazil Temple,2,2,1,28675,6.7,10,2,12,39.9,1,Attached,Yes,2016-04-03,2019-08-17,2022-11-20,https://churchofjesuschristtemples.org/belem-brazil-temple,"Av. Centenário da Assembleia de Deus, 2200, Parque Verde, 66635-894 Belém–PA, Brazil",-1.374723879684,-48.444373662467,Thomas S. Monson,2008-02-03 UTC--2018-01-02 UTC,2008-02-03T00:00:00Z,2018-01-02T00:00:00Z
Belo Horizonte Brazil Temple,2,2,1,27000,11.8,NA,NA,NA,NA,1,Attached,No,2021-04-04,2023-06-17,NA,https://churchofjesuschristtemples.org/belo-horizonte-brazil-temple,"Rua Professor Jose Vieira de Mendonça, 1485, Engenho Nogueira, Belo Horizonte–MG, Brazil",-19.878980019073,-43.977429961775,Russell M. Nelson,2018-01-14 UTC--2023-10-26 UTC,2018-01-14T00:00:00Z,2023-10-26T00:00:00Z
Bengaluru India Temple,NA,NA,NA,38670,1.62,NA,NA,NA,NA,5,Attached,No,2018-04-01,2020-12-02,NA,https://churchofjesuschristtemples.org/bengaluru-india-temple,"2-B Whitefield Main Road, Garudachar Palya, Mahadevapura, Bengaluru, Karnataka 560048, India",12.988865661571,77.706987237782,Russell M. Nelson,2018-01-14 UTC--2023-10-26 UTC,2018-01-14T00:00:00Z,2023-10-26T00:00:00Z
Benin City Nigeria Temple,2,2,1,30700,2.17,NA,NA,NA,258.2,NA,NA,NA,2020-04-05,NA,NA,https://churchofjesuschristtemples.org/benin-city-nigeria-temple,"16 Commercial Avenue, Benin City, Nigeria",6.316702270965,5.624378424793,Russell M. Nelson,2018-01-14 UTC--2023-10-26 UTC,2018-01-14T00:00:00Z,2023-10-26T00:00:00Z
Bentonville Arkansas Temple,2,2,1,28472,18.62,8,0,8,NA,1,Attached,No,2019-10-05,2020-11-07,2023-09-17,https://churchofjesuschristtemples.org/bentonville-arkansas-temple,"1105 McCollum Dr, Bentonville, Arkansas 72712, United States",36.385400467082,-94.181333829762,Russell M. Nelson,2018-01-14 UTC--2023-10-26 UTC,2018-01-14T00:00:00Z,2023-10-26T00:00:00Z
Bern Switzerland Temple,4,7,1,35546,7,8,1,9,NA,1,Attached,Yes,1952-07-01,1953-08-05,1955-09-11,https://churchofjesuschristtemples.org/bern-switzerland-temple,"Tempelstrasse 2, CH-3052 Zollikofen, Switzerland",47.002146424261,7.458247787998,David O. McKay,1951-04-09 UTC--1970-01-18 UTC,1951-04-09T00:00:00Z,1970-01-18T00:00:00Z
Billings Montana Temple,2,3,1,33800,10,10,0,10,NA,1,Attached,Yes,1996-08-30,1998-03-30,1999-11-20,https://churchofjesuschristtemples.org/billings-montana-temple,"3100 Rim Point Dr, Billings, Montana 59106-1386, United States",45.800097019319,-108.640476543755,Gordon B. Hinckley,1995-03-12 UTC--2008-01-27 UTC,1995-03-12T00:00:00Z,2008-01-27T00:00:00Z
Birmingham Alabama Temple,2,2,1,10700,5.6,10,0,10,662,1,Attached,Yes,1998-09-11,1999-10-09,2000-09-03,https://churchofjesuschristtemples.org/birmingham-alabama-temple,"1927 Mount Olive Blvd, Gardendale, Alabama 35071, United States",33.674413018708,-86.821239035028,Gordon B. Hinckley,1995-03-12 UTC--2008-01-27 UTC,1995-03-12T00:00:00Z,2008-01-27T00:00:00Z
Bismarck North Dakota Temple,2,2,1,10700,1.6,4,0,4,NA,1,Attached,Yes,1998-07-29,1998-10-17,1999-09-19,https://churchofjesuschristtemples.org/bismarck-north-dakota-temple,"2930 Cody Dr, Bismarck, North Dakota 58503-0116, United States",46.838978094439,-100.814025747038,Gordon B. Hinckley,1995-03-12 UTC--2008-01-27 UTC,1995-03-12T00:00:00Z,2008-01-27T00:00:00Z
Bogotá Colombia Temple,4,3,1,53500,3.71,22,7,29,NA,1,Attached,Yes,1984-04-07,1993-06-26,1999-04-24,https://churchofjesuschristtemples.org/bogota-colombia-temple,"Carrera 46 N°127-45, Bogotá, Distrito Capital, Colombia",4.676657471031,-74.074627132824,Spencer W. Kimball,1973-12-30 UTC--1985-11-05 UTC,1973-12-30T00:00:00Z,1985-11-05T00:00:00Z
Boise Idaho Temple,4,4,1,35868,4.83,16,0,16,NA,6,Detached,Yes,1982-03-31,1982-12-18,1984-05-25,https://churchofjesuschristtemples.org/boise-idaho-temple,"1211 S Cole Rd, Boise, Idaho 83709-1871, United States",43.59351800922,-116.275303958112,Spencer W. Kimball,1973-12-30 UTC--1985-11-05 UTC,1973-12-30T00:00:00Z,1985-11-05T00:00:00Z
Boston Massachusetts Temple,4,4,1,69600,8,13,0,13,331.2,1,Attached,Yes,1995-09-30,1997-06-13,2000-10-01,https://churchofjesuschristtemples.org/boston-massachusetts-temple,"100 Hinckley Wy, Belmont, Massachusetts 02478-2135, United States",42.41198674888,-71.188143208245,Gordon B. Hinckley,1995-03-12 UTC--2008-01-27 UTC,1995-03-12T00:00:00Z,2008-01-27T00:00:00Z
Bountiful Utah Temple,4,8,1,104000,9,51,0,51,NA,1,Attached,Yes,1990-02-02,1992-05-02,1995-01-08,https://churchofjesuschristtemples.org/bountiful-utah-temple,"640 S Bountiful Blvd, Bountiful, Utah 84010-1394, United States",40.882877996603,-111.846817029569,Ezra Taft Benson,1985-11-10 UTC--1994-05-30 UTC,1985-11-10T00:00:00Z,1994-05-30T00:00:00Z
Brasília Brazil Temple,2,2,1,25000,6,14,3,17,NA,1,Attached,No,2017-04-02,2020-09-26,2023-09-17,https://churchofjesuschristtemples.org/brasilia-brazil-temple,"SGA/Norte Quadra 612 – Lote “C”, 70701-000 Brasilia–DF, Brazil",-15.790309987865,-47.884869961014,Thomas S. Monson,2008-02-03 UTC--2018-01-02 UTC,2008-02-03T00:00:00Z,2018-01-02T00:00:00Z
Brigham City Utah Temple,2,3,1,36000,3.14,13,0,13,NA,2,Attached,Yes,2009-10-03,2010-07-31,2012-09-23,https://churchofjesuschristtemples.org/brigham-city-utah-temple,"250 S Main St, Brigham City, Utah 84302-2560, United States",41.505433000394,-112.016843013473,Thomas S. Monson,2008-02-03 UTC--2018-01-02 UTC,2008-02-03T00:00:00Z,2018-01-02T00:00:00Z
Brisbane Australia Temple,2,2,1,10700,0.86,12,1,13,76.5,1,Attached,Yes,1998-07-20,2001-05-26,2003-06-15,https://churchofjesuschristtemples.org/brisbane-australia-temple,"200 River Terrace, Kangaroo Point, Queensland 4169, Australia",-27.481074802336,153.033744372909,Gordon B. Hinckley,1995-03-12 UTC--2008-01-27 UTC,1995-03-12T00:00:00Z,2008-01-27T00:00:00Z
Budapest Hungary Temple,NA,NA,NA,18000,5.92,NA,NA,NA,474.3,NA,NA,NA,2019-04-07,NA,NA,https://churchofjesuschristtemples.org/budapest-hungary-temple,"Kocsis Sándor út and Borsikafū utca, Harsánylejtő, Budapest, Hungary",47.570320017436,19.007520041898,Russell M. Nelson,2018-01-14 UTC--2023-10-26 UTC,2018-01-14T00:00:00Z,2023-10-26T00:00:00Z
Buenos Aires Argentina Temple,4,3,1,30659,3.73,47,12,59,42.9,6,Detached,Yes,1980-04-02,1983-04-20,1986-01-17,https://churchofjesuschristtemples.org/buenos-aires-argentina-temple,"Aut. Tte. Gral. Riccheri N° 4955, B1778DUA Ciudad Evita, Buenos Aires, Argentina",-34.731146453013,-58.517345922646,Spencer W. Kimball,1973-12-30 UTC--1985-11-05 UTC,1973-12-30T00:00:00Z,1985-11-05T00:00:00Z
Burley Idaho Temple,4,3,1,38600,10.1,NA,NA,NA,NA,1,Attached,No,2021-04-04,2022-06-04,NA,https://churchofjesuschristtemples.org/burley-idaho-temple,"40 South and 150 East, Burley, Idaho, United States",42.411999992287,-113.576709997643,Russell M. Nelson,2018-01-14 UTC--2023-10-26 UTC,2018-01-14T00:00:00Z,2023-10-26T00:00:00Z
Calgary Alberta Temple,2,3,1,33000,10.17,8,0,8,NA,1,Attached,Yes,2008-10-04,2010-05-15,2012-10-28,https://churchofjesuschristtemples.org/calgary-alberta-temple,"9802 Rocky Ridge Rd NW, Calgary, Alberta T3G 5J7, Canada",51.14033937973,-114.233948017579,Thomas S. Monson,2008-02-03 UTC--2018-01-02 UTC,2008-02-03T00:00:00Z,2018-01-02T00:00:00Z
Cali Colombia Temple,1,1,1,9500,3.14,NA,NA,NA,NA,1,Attached,No,2021-04-04,NA,NA,https://churchofjesuschristtemples.org/cali-colombia-temple,"Calle 50 Norte and Avenida 4a Norte, La Flora, Cali, Colombia",3.486390013009,-76.520770022888,Russell M. Nelson,2018-01-14 UTC--2023-10-26 UTC,2018-01-14T00:00:00Z,2023-10-26T00:00:00Z
Campinas Brazil Temple,4,3,1,48100,6.18,53,14,67,NA,1,Attached,Yes,1997-04-03,1998-05-01,2002-05-17,https://churchofjesuschristtemples.org/campinas-brazil-temple,"Rua James Esdras Faust, 400, Notre Dame, 13092-820 Campinas–SP, Brazil",-22.895976467806,-47.002359399101,Gordon B. Hinckley,1995-03-12 UTC--2008-01-27 UTC,1995-03-12T00:00:00Z,2008-01-27T00:00:00Z
Cape Town South Africa Temple,1,1,1,9500,3.79,NA,NA,NA,27.9,1,Attached,No,2021-04-04,NA,NA,https://churchofjesuschristtemples.org/cape-town-south-africa-temple,"3 Liesbeek Road, Observatory, Cape Town, South Africa",-33.952129987978,18.481180024557,Russell M. Nelson,2018-01-14 UTC--2023-10-26 UTC,2018-01-14T00:00:00Z,2023-10-26T00:00:00Z
Caracas Venezuela Temple,2,2,1,15332,0.5,33,6,39,NA,1,Attached,Yes,1995-09-30,1999-01-10,2000-08-20,https://churchofjesuschristtemples.org/caracas-venezuela-temple,"Urb Caurimare, Avenida. C con Calle C-1, Caracas 1062-A, Dependencias Federales, Venezuela",10.927955758,-65.30913481,Gordon B. Hinckley,1995-03-12 UTC--2008-01-27 UTC,1995-03-12T00:00:00Z,2008-01-27T00:00:00Z
Cardston Alberta Temple,4,5,1,88562,10,13,0,13,NA,1,Attached,No,1913-06-27,1913-11-09,1923-08-26,https://churchofjesuschristtemples.org/cardston-alberta-temple,"348 3rd St W, Cardston, Alberta T0K 0K0, Canada",49.198718345956,-113.310936540043,Joseph F. Smith,1901-10-17 UTC--1918-11-19 UTC,1901-10-17T00:00:00Z,1918-11-19T00:00:00Z
Casper Wyoming Temple,1,1,1,10000,9.5,NA,NA,NA,NA,1,Attached,No,2021-04-04,2021-10-09,NA,https://churchofjesuschristtemples.org/casper-wyoming-temple,"2905 Independence Court, Casper, Wyoming 82604, United States",42.809589408397,-106.361596789724,Russell M. Nelson,2018-01-14 UTC--2023-10-26 UTC,2018-01-14T00:00:00Z,2023-10-26T00:00:00Z
Cebu City Philippines Temple,2,2,1,29556,11.6,41,30,71,194.8,1,Attached,Yes,2006-04-18,2007-11-14,2010-06-13,https://churchofjesuschristtemples.org/cebu-city-philippines-temple,"Gorordo Avenue, Barangay Lahug, Cebu City, 6000 Cebu, Philippines",10.325926089019,123.898066737696,Gordon B. Hinckley,1995-03-12 UTC--2008-01-27 UTC,1995-03-12T00:00:00Z,2008-01-27T00:00:00Z
Cedar City Utah Temple,2,3,1,42657,9.5,17,0,17,NA,1,Attached,Yes,2013-04-06,2015-08-08,2017-12-10,https://churchofjesuschristtemples.org/cedar-city-utah-temple,"280 South Cove Dr, Cedar City, Utah 84720, United States",37.671627014723,-113.096291997049,Thomas S. Monson,2008-02-03 UTC--2018-01-02 UTC,2008-02-03T00:00:00Z,2018-01-02T00:00:00Z
Charlotte North Carolina Temple,NA,NA,NA,30000,5.9,NA,NA,NA,705.3,NA,NA,NA,2023-04-02,NA,NA,https://churchofjesuschristtemples.org/charlotte-north-carolina-temple,"345 Providence Rd S, Weddington, North Carolina, United States",35.007800184733,-80.766669768193,Russell M. Nelson,2018-01-14 UTC--2023-10-26 UTC,2018-01-14T00:00:00Z,2023-10-26T00:00:00Z
Chicago Illinois Temple,5,3,1,37062,13,13,0,13,685.4,6,Detached,Yes,1981-04-01,1983-08-13,1985-08-09,https://churchofjesuschristtemples.org/chicago-illinois-temple,"4151 W Lake Ave, Glenview, Illinois 60025-1240, United States",42.086639992002,-87.859500016952,Spencer W. Kimball,1973-12-30 UTC--1985-11-05 UTC,1973-12-30T00:00:00Z,1985-11-05T00:00:00Z
Ciudad Juárez Mexico Temple,2,2,1,10700,1.64,12,0,12,NA,1,Attached,Yes,1998-05-07,1999-01-09,2000-02-26,https://churchofjesuschristtemples.org/ciudad-juarez-mexico-temple,"Calle Paraguay #290, Esq. José Borunda, Col. Partido Romero, 32177 Ciudad Juárez, Chihuahua, Mexico",31.736009566777,-106.463549935392,Gordon B. Hinckley,1995-03-12 UTC--2008-01-27 UTC,1995-03-12T00:00:00Z,2008-01-27T00:00:00Z
Cleveland Ohio Temple,1,1,1,9900,NA,NA,NA,NA,733,NA,NA,NA,2022-04-03,NA,NA,https://churchofjesuschristtemples.org/cleveland-ohio-temple,"Brecksville Road (south of Longano Drive), Independence, Ohio 44131, United States",41.401005661621,-81.63572551392,Russell M. Nelson,2018-01-14 UTC--2023-10-26 UTC,2018-01-14T00:00:00Z,2023-10-26T00:00:00Z
Cobán Guatemala Temple,1,1,1,8800,5.4,NA,NA,NA,NA,1,Attached,No,2019-10-05,2020-11-14,NA,https://churchofjesuschristtemples.org/coban-guatemala-temple,"4a. Avenida 4-48 Zona 8, Barrio Bella Vista, Cobán, Alta Verapaz, Guatemala",15.468119096643001,-90.370497193009,Russell M. Nelson,2018-01-14 UTC--2023-10-26 UTC,2018-01-14T00:00:00Z,2023-10-26T00:00:00Z
Cochabamba Bolivia Temple,2,3,1,33302,6.67,33,8,41,NA,5,Attached,Yes,1995-01-13,1996-11-10,2000-04-30,https://churchofjesuschristtemples.org/cochabamba-bolivia-temple,"Av. Melchor Urquidi 1500, Alto Queru Queru, Cochabamba, Bolivia",-17.37531,-66.14852,Howard W. Hunter,1994-06-05 UTC--1995-03-03 UTC,1994-06-05T00:00:00Z,1995-03-03T00:00:00Z
Cody Wyoming Temple,1,1,1,9950,4.69,NA,NA,NA,NA,1,Attached,No,2021-10-03,NA,NA,https://churchofjesuschristtemples.org/cody-wyoming-temple,"Skyline Drive, Cody, Wyoming, United States",44.512846931058,-109.078031326534,Russell M. Nelson,2018-01-14 UTC--2023-10-26 UTC,2018-01-14T00:00:00Z,2023-10-26T00:00:00Z
Colonia Juárez Chihuahua Mexico Temple,1,1,1,6800,2.56,2,4,6,NA,1,Attached,Yes,1997-10-04,1998-03-07,1999-03-06,https://churchofjesuschristtemples.org/colonia-juarez-chihuahua-mexico-temple,"Chihuahua y Diaz S/N, 31857 Colonia Juárez, Chihuahua, Mexico",30.308743337036,-108.078410722925,Gordon B. Hinckley,1995-03-12 UTC--2008-01-27 UTC,1995-03-12T00:00:00Z,2008-01-27T00:00:00Z
Columbia River Washington Temple,2,2,1,16880,2.88,11,0,11,538,1,Attached,Yes,2000-04-02,2000-10-28,2001-11-18,https://churchofjesuschristtemples.org/columbia-river-washington-temple,"969 Gage Blvd, Richland, Washington 99352-7777, United States",46.22677901584,-119.274939000269,Gordon B. Hinckley,1995-03-12 UTC--2008-01-27 UTC,1995-03-12T00:00:00Z,2008-01-27T00:00:00Z
Columbia South Carolina Temple,2,2,1,10700,3.6,19,0,19,307.5,1,Attached,Yes,1998-09-11,1998-12-05,1999-10-16,https://churchofjesuschristtemples.org/columbia-south-carolina-temple,"2905 Trotter Rd, Hopkins, South Carolina 29061-9573, United States",33.959216139119,-80.893607469918,Gordon B. Hinckley,1995-03-12 UTC--2008-01-27 UTC,1995-03-12T00:00:00Z,2008-01-27T00:00:00Z
Columbus Ohio Temple,2,2,1,11745,5,18,0,18,858.9,1,Attached,Yes,1998-04-25,1998-09-12,1999-09-04,https://churchofjesuschristtemples.org/columbus-ohio-temple,"3870 Gateway Blvd, Columbus, Ohio 43228-9747, United States",39.994068988596,-83.113260000531,Gordon B. Hinckley,1995-03-12 UTC--2008-01-27 UTC,1995-03-12T00:00:00Z,2008-01-27T00:00:00Z
Concepción Chile Temple,2,2,1,23095,4.06,24,7,31,56.9,1,Attached,Yes,2009-10-03,2015-10-17,2018-10-28,https://churchofjesuschristtemples.org/concepcion-chile-temple,"1525 Pedro de Valdivia, Concepción, Bio-Bio, Chile",-36.84218,-73.05581,Thomas S. Monson,2008-02-03 UTC--2018-01-02 UTC,2008-02-03T00:00:00Z,2018-01-02T00:00:00Z
Copenhagen Denmark Temple,2,2,1,25000,0.6,3,0,3,27.2,1,Detached,Yes,1999-03-17,1999-04-24,2004-05-23,https://churchofjesuschristtemples.org/copenhagen-denmark-temple,"Priorvej 12, 2000 Frederiksberg, Denmark",55.692738036482,12.533895928661,Gordon B. Hinckley,1995-03-12 UTC--2008-01-27 UTC,1995-03-12T00:00:00Z,2008-01-27T00:00:00Z
Córdoba Argentina Temple,2,2,1,34369,5.18,25,8,33,NA,1,Attached,Yes,2008-10-04,2010-10-30,2015-05-17,https://churchofjesuschristtemples.org/cordoba-argentina-temple,"Avenida Pedro Laplace 5637, CP5021 Córdoba, Argentina",-31.359191401834,-64.244235682799,Thomas S. Monson,2008-02-03 UTC--2018-01-02 UTC,2008-02-03T00:00:00Z,2018-01-02T00:00:00Z
Curitiba Brazil Temple,2,2,1,27850,8.15,34,3,37,NA,1,Attached,Yes,2002-08-23,2005-03-10,2008-06-01,https://churchofjesuschristtemples.org/curitiba-brazil-temple,"Rua Deputado Heitor Alencar Furtado, 3641, Mossunguê, 81200-110 Curitiba–PR, Brazil",-25.441010010168,-49.341559991865,Gordon B. Hinckley,1995-03-12 UTC--2008-01-27 UTC,1995-03-12T00:00:00Z,2008-01-27T00:00:00Z
Dallas Texas Temple,5,4,1,44207,6,28,0,28,617.7,6,Detached,Yes,1981-04-01,1983-01-22,1984-10-19,https://churchofjesuschristtemples.org/dallas-texas-temple,"6363 Willow Ln, Dallas, Texas 75230-2227, United States",32.914480004885,-96.796547033264,Spencer W. Kimball,1973-12-30 UTC--1985-11-05 UTC,1973-12-30T00:00:00Z,1985-11-05T00:00:00Z
Davao Philippines Temple,NA,NA,NA,18450,2.7,NA,NA,NA,68.4,1,Attached,No,2018-10-07,2020-11-14,NA,https://churchofjesuschristtemples.org/davao-philippines-temple,"Ma-a Road and Anahaw Road, Barangay Ma-a, Davao City, 8000 Davao del Sur, Philippines",7.072674701196,125.586897696929,Russell M. Nelson,2018-01-14 UTC--2023-10-26 UTC,2018-01-14T00:00:00Z,2023-10-26T00:00:00Z
Denver Colorado Temple,4,5,1,29117,7.5,19,0,19,NA,1,Attached,Yes,1982-03-31,1984-05-19,1986-10-24,https://churchofjesuschristtemples.org/denver-colorado-temple,"2001 E Phillips Cir, Centennial, Colorado 80122-3264, United States",39.5686590297,-104.96575849362,Spencer W. Kimball,1973-12-30 UTC--1985-11-05 UTC,1973-12-30T00:00:00Z,1985-11-05T00:00:00Z
Deseret Peak Utah Temple,4,4,1,70000,17.98,NA,NA,NA,NA,1,Attached,No,2019-04-07,2021-05-15,NA,https://churchofjesuschristtemples.org/deseret-peak-utah-temple,"West of 2400 North 400 West, Tooele, Utah 84074, United States",40.565203183381,-112.31254753552,Russell M. Nelson,2018-01-14 UTC--2023-10-26 UTC,2018-01-14T00:00:00Z,2023-10-26T00:00:00Z
Detroit Michigan Temple,2,2,1,10700,6.34,10,1,11,796.5,1,Attached,Yes,1998-08-10,1998-10-10,1999-10-23,https://churchofjesuschristtemples.org/detroit-michigan-temple,"37425 Woodward Ave, Bloomfield Hills, Michigan 48304, United States",42.56557301272,-83.229392023398,Gordon B. Hinckley,1995-03-12 UTC--2008-01-27 UTC,1995-03-12T00:00:00Z,2008-01-27T00:00:00Z
Draper Utah Temple,4,5,1,58300,12,28,0,28,NA,1,Attached,Yes,2004-10-02,2006-08-05,2009-03-20,https://churchofjesuschristtemples.org/draper-utah-temple,"14065 Canyon Vista Ln, Draper, Utah 84020-5626, United States",40.495647983856,-111.8407129924,Gordon B. Hinckley,1995-03-12 UTC--2008-01-27 UTC,1995-03-12T00:00:00Z,2008-01-27T00:00:00Z
Durban South Africa Temple,1,1,1,19860,14.49,11,6,17,337.4,1,Attached,Yes,2011-10-01,2016-04-09,2020-02-16,https://churchofjesuschristtemples.org/durban-south-africa-temple,"2 Izinga Drive, Izinga Ridge, Umhlanga, KwaZulu-Natal 4021, South Africa",-29.708340014195,31.072719977737,Thomas S. Monson,2008-02-03 UTC--2018-01-02 UTC,2008-02-03T00:00:00Z,2018-01-02T00:00:00Z
Edmonton Alberta Temple,2,2,1,10700,1,8,0,8,NA,1,Attached,Yes,1998-08-11,1999-02-27,1999-12-11,https://churchofjesuschristtemples.org/edmonton-alberta-temple,"14335 53rd Ave NW, Edmonton, Alberta T6H 5G6, Canada",53.489637390473,-113.570438992963,Gordon B. Hinckley,1995-03-12 UTC--2008-01-27 UTC,1995-03-12T00:00:00Z,2008-01-27T00:00:00Z
Elko Nevada Temple,1,1,1,10000,5.2,NA,NA,NA,NA,1,Attached,No,2021-04-04,2022-05-07,NA,https://churchofjesuschristtemples.org/elko-nevada-temple,"Ruby Vista Drive, Elko, Nevada, United States",40.851205059336,-115.750786656122,Russell M. Nelson,2018-01-14 UTC--2023-10-26 UTC,2018-01-14T00:00:00Z,2023-10-26T00:00:00Z
Ephraim Utah Temple,4,3,1,39000,9.16,NA,NA,NA,NA,2,Attached,No,2021-05-01,2022-08-27,NA,https://churchofjesuschristtemples.org/ephraim-utah-temple,"200 North and 400 East, Ephraim, Utah, United States",39.363380018325,-111.577170030948,Russell M. Nelson,2018-01-14 UTC--2023-10-26 UTC,2018-01-14T00:00:00Z,2023-10-26T00:00:00Z
Farmington New Mexico Temple,2,2,1,25000,6.62,NA,NA,NA,NA,1,Attached,No,2021-04-04,2022-04-30,NA,https://churchofjesuschristtemples.org/farmington-new-mexico-temple,"4400 College Boulevard, Farmington, New Mexico, United States",36.769193013557,-108.165566962289,Russell M. Nelson,2018-01-14 UTC--2023-10-26 UTC,2018-01-14T00:00:00Z,2023-10-26T00:00:00Z
Feather River California Temple,4,3,1,41665,9.24,7,0,7,60.4,1,Attached,Yes,2018-10-07,2020-07-18,2023-10-08,https://churchofjesuschristtemples.org/feather-river-california-temple,"1470 Butte House Road, Yuba City, California 95993, United States",39.146247990032,-121.640756987799,Russell M. Nelson,2018-01-14 UTC--2023-10-26 UTC,2018-01-14T00:00:00Z,2023-10-26T00:00:00Z
Fort Collins Colorado Temple,2,3,1,42000,15.69,14,0,14,NA,1,Attached,Yes,2011-04-02,2013-08-24,2016-10-16,https://churchofjesuschristtemples.org/fort-collins-colorado-temple,"2180 Majestic Dr, Fort Collins, Colorado 80528, United States",40.494058984562,-105.038032962493,Thomas S. Monson,2008-02-03 UTC--2018-01-02 UTC,2008-02-03T00:00:00Z,2018-01-02T00:00:00Z
Fort Lauderdale Florida Temple,2,3,1,30500,16.82,7,1,8,5.6,1,Attached,Yes,2009-10-03,2011-06-18,2014-05-04,https://churchofjesuschristtemples.org/fort-lauderdale-florida-temple,"3901 SW 154th Ave, Davie, Florida 33331, United States",26.070092001963,-80.35534898767,Thomas S. Monson,2008-02-03 UTC--2018-01-02 UTC,2008-02-03T00:00:00Z,2018-01-02T00:00:00Z
Fort Worth Texas Temple,2,2,1,30000,9.37,NA,NA,NA,768,1,Attached,No,2021-10-03,2023-10-28,NA,https://churchofjesuschristtemples.org/fort-worth-texas-temple,"North of SW Hulen Street and Greenridge Drive, Burleson, Texas, United States",32.516469984556,-97.35931002412,Russell M. Nelson,2018-01-14 UTC--2023-10-26 UTC,2018-01-14T00:00:00Z,2023-10-26T00:00:00Z
Fortaleza Brazil Temple,2,2,1,36000,10,24,3,27,202.2,1,Attached,Yes,2009-10-03,2011-11-15,2019-06-02,https://churchofjesuschristtemples.org/fortaleza-brazil-temple,"Avenida Santos Dumont 7771, Bairro de Lourdes, 60177-415 Fortaleza–CE, Brazil",-3.749511380042,-38.456724643095,Thomas S. Monson,2008-02-03 UTC--2018-01-02 UTC,2008-02-03T00:00:00Z,2018-01-02T00:00:00Z
Frankfurt Germany Temple,4,4,1,32895,5.6,15,3,18,669.9,1,Detached,Yes,1981-04-01,1985-07-01,1987-08-28,https://churchofjesuschristtemples.org/frankfurt-germany-temple,"Talstrasse 10, 61381 Friedrichsdorf/TS, Germany",50.25894001604,8.641530027912,Spencer W. Kimball,1973-12-30 UTC--1985-11-05 UTC,1973-12-30T00:00:00Z,1985-11-05T00:00:00Z
Freetown Sierra Leone Temple,2,2,1,18000,2.9,NA,NA,NA,97.2,1,Attached,No,2019-10-05,2022-03-19,NA,https://churchofjesuschristtemples.org/freetown-sierra-leone-temple,"Jui Road, Kossoh Town, Freetown, Sierra Leone",8.33202,-13.07023,Russell M. Nelson,2018-01-14 UTC--2023-10-26 UTC,2018-01-14T00:00:00Z,2023-10-26T00:00:00Z
Freiberg Germany Temple,2,2,1,21500,3.58,5,4,9,NA,1,Attached,Yes,1982-10-09,1983-04-23,1985-06-29,https://churchofjesuschristtemples.org/freiberg-germany-temple,"Hainichener Strasse 64, 09599 Freiberg, Germany",50.922189956029,13.322579205652,Spencer W. Kimball,1973-12-30 UTC--1985-11-05 UTC,1973-12-30T00:00:00Z,1985-11-05T00:00:00Z
Fresno California Temple,2,2,1,10700,2.34,8,0,8,319.5,1,Attached,Yes,1999-01-08,1999-03-20,2000-04-09,https://churchofjesuschristtemples.org/fresno-california-temple,"6290 N Valentine Ave, Fresno, California 93711, United States",36.82804600188,-119.852780029109,Gordon B. Hinckley,1995-03-12 UTC--2008-01-27 UTC,1995-03-12T00:00:00Z,2008-01-27T00:00:00Z
Fukuoka Japan Temple,2,2,1,10700,1.25,4,5,9,81,1,Attached,Yes,1998-05-07,1999-03-20,2000-06-11,https://churchofjesuschristtemples.org/fukuoka-japan-temple,"9-15 Hirao Johsui Machi, Chuo-ku, Fukuoka-shi, Fukuoka 810-0029, Japan",33.572524280088,130.391728435825,Gordon B. Hinckley,1995-03-12 UTC--2008-01-27 UTC,1995-03-12T00:00:00Z,2008-01-27T00:00:00Z
Gilbert Arizona Temple,3,7,1,85326,15.38,37,0,37,NA,1,Attached,Yes,2008-04-26,2010-11-13,2014-03-02,https://churchofjesuschristtemples.org/gilbert-arizona-temple,"3301 S Greenfield Rd, Gilbert, Arizona 85297, United States",33.291297095498,-111.737465295818,Thomas S. Monson,2008-02-03 UTC--2018-01-02 UTC,2008-02-03T00:00:00Z,2018-01-02T00:00:00Z
Grand Junction Colorado Temple,2,2,1,25000,6.94,NA,NA,NA,NA,1,Attached,No,2021-04-04,2022-04-16,NA,https://churchofjesuschristtemples.org/grand-junction-colorado-temple,"Horizon Drive and North 12th Street, Grand Junction, Colorado, United States",39.101799993823,-108.552310028371,Russell M. Nelson,2018-01-14 UTC--2023-10-26 UTC,2018-01-14T00:00:00Z,2023-10-26T00:00:00Z
Grand Rapids Michigan Temple,2,2,1,20000,10.5,NA,NA,NA,790.3,NA,NA,NA,2022-10-02,NA,NA,https://churchofjesuschristtemples.org/grand-rapids-michigan-temple,"2400 Forest Hill Avenue SE, Grand Rapids, Michigan, United States",42.919560020286,-85.55842200553,Russell M. Nelson,2018-01-14 UTC--2023-10-26 UTC,2018-01-14T00:00:00Z,2023-10-26T00:00:00Z
Guadalajara Mexico Temple,2,2,1,10700,2.69,18,5,23,NA,1,Attached,Yes,1999-04-14,1999-06-12,2001-04-29,https://churchofjesuschristtemples.org/guadalajara-mexico-temple,"Av. Patria #879, Fracc. Jardines Tepeyac, 45030 Zapopan, Jalisco, Mexico",20.664909684821,-103.423972899964,Gordon B. Hinckley,1995-03-12 UTC--2008-01-27 UTC,1995-03-12T00:00:00Z,2008-01-27T00:00:00Z
Guatemala City Guatemala Temple,4,3,1,11610,1.4,33,9,42,NA,6,Detached,Yes,1981-04-01,1982-09-12,1984-12-14,https://churchofjesuschristtemples.org/guatemala-city-guatemala-temple,"24 Avenida 2-20, Zona 15, Vista Hermosa 1, Guatemala City, Guatemala, Guatemala",14.583655861908,-90.485792173136,Spencer W. Kimball,1973-12-30 UTC--1985-11-05 UTC,1973-12-30T00:00:00Z,1985-11-05T00:00:00Z
Guayaquil Ecuador Temple,4,3,1,45000,6.2,29,4,33,58.1,1,Attached,Yes,1982-03-31,1996-08-10,1999-08-01,https://churchofjesuschristtemples.org/guayaquil-ecuador-temple,"Calle Rosendo Maridueña 8845, Urdesa Norte, 090510 Guayaquil, Ecuador",-2.17924,-79.89577,Spencer W. Kimball,1973-12-30 UTC--1985-11-05 UTC,1973-12-30T00:00:00Z,1985-11-05T00:00:00Z
Halifax Nova Scotia Temple,2,2,1,10700,2,2,1,3,209.8,1,Attached,Yes,1998-05-07,1998-10-12,1999-11-14,https://churchofjesuschristtemples.org/halifax-nova-scotia-temple,"44 Cumberland Dr, Dartmouth, Nova Scotia B2V 2C7, Canada",44.669995901487,-63.489126424999,Gordon B. Hinckley,1995-03-12 UTC--2008-01-27 UTC,1995-03-12T00:00:00Z,2008-01-27T00:00:00Z
Hamilton New Zealand Temple,2,5,1,45251,35,31,3,34,131.2,1,Attached,No,1955-02-17,1955-12-21,1958-04-20,https://churchofjesuschristtemples.org/hamilton-new-zealand-temple,"509 Tuhikaramea Rd, Temple View, Hamilton 3218, New Zealand",-37.824865010485,175.224630104017,David O. McKay,1951-04-09 UTC--1970-01-18 UTC,1951-04-09T00:00:00Z,1970-01-18T00:00:00Z
Harare Zimbabwe Temple,2,2,1,17250,6.7,NA,NA,NA,NA,1,Attached,No,2016-04-03,2020-12-12,NA,https://churchofjesuschristtemples.org/harare-zimbabwe-temple,"65 Enterprise Road, Highlands, Harare, Zimbabwe",-17.797085003833,31.098160017793,Thomas S. Monson,2008-02-03 UTC--2018-01-02 UTC,2008-02-03T00:00:00Z,2018-01-02T00:00:00Z
Hartford Connecticut Temple,2,2,1,32246,11.3,7,0,7,179.8,1,Attached,Yes,2010-10-02,2013-08-17,2016-11-20,https://churchofjesuschristtemples.org/hartford-connecticut-temple,"2 Central Wy, Farmington, Connecticut 06032, United States",41.736823191126,-72.844427679872,Thomas S. Monson,2008-02-03 UTC--2018-01-02 UTC,2008-02-03T00:00:00Z,2018-01-02T00:00:00Z
Heber Valley Utah Temple,4,4,1,88000,17.9,NA,NA,NA,NA,2,Attached,No,2021-10-03,2022-10-08,NA,https://churchofjesuschristtemples.org/heber-valley-utah-temple,"1400 E Center St, Heber City, Utah, United States",40.507372710356,-111.391666255509,Russell M. Nelson,2018-01-14 UTC--2023-10-26 UTC,2018-01-14T00:00:00Z,2023-10-26T00:00:00Z
Helena Montana Temple,1,1,1,9794,4.75,5,0,5,NA,1,Attached,No,2021-04-04,2021-06-26,2023-06-18,https://churchofjesuschristtemples.org/helena-montana-temple,"1260 Otter Road, Helena, Montana 59602, United States",46.63362850744,-112.019034210601,Russell M. Nelson,2018-01-14 UTC--2023-10-26 UTC,2018-01-14T00:00:00Z,2023-10-26T00:00:00Z
Helsinki Finland Temple,2,2,1,16350,7.4,4,2,6,87.1,1,Attached,Yes,2000-04-02,2003-03-29,2006-10-22,https://churchofjesuschristtemples.org/helsinki-finland-temple,"Leppäsillantie 3, FI-02620 Espoo, Finland",60.225139609643,24.781653296566,Gordon B. Hinckley,1995-03-12 UTC--2008-01-27 UTC,1995-03-12T00:00:00Z,2008-01-27T00:00:00Z
Hermosillo Sonora Mexico Temple,2,2,1,10769,1.54,9,7,16,758.8,1,Attached,Yes,1998-07-20,1998-12-05,2000-02-27,https://churchofjesuschristtemples.org/hermosillo-sonora-mexico-temple,"General Pedro Garcia Conde No 303, Esquina Con Juan José Ríos, Colonia Pitic, 83150 Hermosillo, Sonora, Mexico",29.102610004648,-110.947179985674,Gordon B. Hinckley,1995-03-12 UTC--2008-01-27 UTC,1995-03-12T00:00:00Z,2008-01-27T00:00:00Z
Hong Kong China Temple,2,2,1,51921,0.31,6,7,13,102,1,Attached,No,1992-10-03,1994-01-22,1996-05-26,https://churchofjesuschristtemples.org/hong-kong-china-temple,"2 Cornwall St, Kowloon Tong, Kowloon City, Hong Kong",22.340390888201,114.177321472288,Ezra Taft Benson,1985-11-10 UTC--1994-05-30 UTC,1985-11-10T00:00:00Z,1994-05-30T00:00:00Z
Houston Texas Temple,2,3,1,33970,11,22,0,22,116.2,1,Attached,Yes,1997-09-30,1998-06-13,2000-08-26,https://churchofjesuschristtemples.org/houston-texas-temple,"15725 Champion Forest Dr, Klein, Texas 77379-7036, United States",29.999426999129,-95.532854011065,Gordon B. Hinckley,1995-03-12 UTC--2008-01-27 UTC,1995-03-12T00:00:00Z,2008-01-27T00:00:00Z
Huehuetenango Guatemala Temple,1,1,1,10787,NA,NA,NA,NA,NA,NA,NA,NA,2022-10-02,NA,NA,https://churchofjesuschristtemples.org/huehuetenango-guatemala-temple,"18 Avenida, Zona 4, El Terrero, Huehuetenango, Guatemala",15.326483488745,-91.490305300302,Russell M. Nelson,2018-01-14 UTC--2023-10-26 UTC,2018-01-14T00:00:00Z,2023-10-26T00:00:00Z
Idaho Falls Idaho Temple,4,7,1,85624,8.28,29,0,29,NA,1,Attached,Yes,1937-03-03,1939-12-19,1945-09-23,https://churchofjesuschristtemples.org/idaho-falls-idaho-temple,"1000 Memorial Dr, Idaho Falls, Idaho 83402-3410, United States",43.498176877008,-112.0398339012,Heber J. Grant,1918-11-23 UTC--1945-05-14 UTC,1918-11-23T00:00:00Z,1945-05-14T00:00:00Z
Indianapolis Indiana Temple,2,2,1,34000,18.11,10,0,10,849.9,1,Attached,Yes,2010-10-02,2012-09-29,2015-08-23,https://churchofjesuschristtemples.org/indianapolis-indiana-temple,"11565 Temple Dr, Carmel, Indiana 46032-8859, United States",39.955310984494,-86.166308972131,Thomas S. Monson,2008-02-03 UTC--2018-01-02 UTC,2008-02-03T00:00:00Z,2018-01-02T00:00:00Z
Johannesburg South Africa Temple,4,3,1,19184,1,35,31,66,NA,6,Detached,Yes,1981-04-01,1982-11-27,1985-08-24,https://churchofjesuschristtemples.org/johannesburg-south-africa-temple,"7 Jubilee Rd, Parktown, Johannesburg 2193, South Africa",-26.178340006703,28.039369987342,Spencer W. Kimball,1973-12-30 UTC--1985-11-05 UTC,1973-12-30T00:00:00Z,1985-11-05T00:00:00Z
Jordan River Utah Temple,6,16,1,148236,15,64,0,64,NA,1,Attached,Yes,1978-02-03,1979-06-09,1981-11-16,https://churchofjesuschristtemples.org/jordan-river-utah-temple,"10200 S Temple Drive, South Jordan, Utah 84095-8814, United States",40.566175999384,-111.931410968272,Spencer W. Kimball,1973-12-30 UTC--1985-11-05 UTC,1973-12-30T00:00:00Z,1985-11-05T00:00:00Z
Kansas City Missouri Temple,2,3,1,32000,8.05,10,0,10,875.7,2,Attached,Yes,2008-10-04,2010-05-08,2012-05-06,https://churchofjesuschristtemples.org/kansas-city-missouri-temple,"7001 Searcy Creek Pkwy, Kansas City, Missouri 64119-5336, United States",39.220264008837,-94.501298970776,Thomas S. Monson,2008-02-03 UTC--2018-01-02 UTC,2008-02-03T00:00:00Z,2018-01-02T00:00:00Z
Kaohsiung Taiwan Temple,1,1,1,10900,1.26,NA,NA,NA,28.7,1,Attached,No,2021-10-03,2023-11-25,NA,https://churchofjesuschristtemples.org/kaohsiung-taiwan-temple,"Dachang Road and Dehua Street, Niaosong District, Kaohsiung, Taiwan",22.650429984858,120.344990026366,Russell M. Nelson,2018-01-14 UTC--2023-10-26 UTC,2018-01-14T00:00:00Z,2023-10-26T00:00:00Z
Kinshasa Democratic Republic of the Congo Temple,1,1,1,12000,5,31,8,39,914,1,Attached,No,2011-10-01,2016-02-12,2019-04-14,https://churchofjesuschristtemples.org/kinshasa-democratic-republic-of-the-congo-temple,"50 Croisement Avenue de l’ OUA / Milolo, Quartier Basoko GB, Commune de Ngaliema, Ville de Kinshasa, Democratic Republic of the Congo",-4.35136,15.24783,Thomas S. Monson,2008-02-03 UTC--2018-01-02 UTC,2008-02-03T00:00:00Z,2018-01-02T00:00:00Z
Knoxville Tennessee Temple,2,2,1,30000,4.99,NA,NA,NA,989.3,1,Attached,No,2022-04-03,NA,NA,https://churchofjesuschristtemples.org/knoxville-tennessee-temple,"13001 Kingston Pike, Farragut, Tennessee 37934, United States",35.863705208241,-84.218037972769,Russell M. Nelson,2018-01-14 UTC--2023-10-26 UTC,2018-01-14T00:00:00Z,2023-10-26T00:00:00Z
Kona Hawaii Temple,2,2,1,10700,7.02,4,0,4,198.4,1,Attached,Yes,1998-05-07,1999-03-13,2000-01-23,https://churchofjesuschristtemples.org/kona-hawaii-temple,"75-230 Kalani St, Kailua Kona, Hawaii 96740-1833, United States",19.641411988829,-155.986329026514,Gordon B. Hinckley,1995-03-12 UTC--2008-01-27 UTC,1995-03-12T00:00:00Z,2008-01-27T00:00:00Z
Kumasi Ghana Temple,NA,NA,NA,22750,2.08,NA,NA,NA,918,NA,NA,NA,2021-04-04,NA,NA,https://churchofjesuschristtemples.org/kumasi-ghana-temple,"Y11 Suntreso Rd, Bantama, Kumasi, Ghana",6.703244479611,-1.639454843574,Russell M. Nelson,2018-01-14 UTC--2023-10-26 UTC,2018-01-14T00:00:00Z,2023-10-26T00:00:00Z
Kyiv Ukraine Temple,2,2,1,22184,12.35,4,8,12,562.5,1,Attached,Yes,1998-07-20,2007-06-23,2010-08-29,https://churchofjesuschristtemples.org/kyiv-ukraine-temple,"1 Yabluneva Street, v. Sofiivs'ka Borshchagivka, Kyevo-Sviatoshyns'ky Rayon, Kyivs'ka Oblast 08131, Ukraine",50.40400803461,30.393400979776,Gordon B. Hinckley,1995-03-12 UTC--2008-01-27 UTC,1995-03-12T00:00:00Z,2008-01-27T00:00:00Z
La Paz Bolivia Temple,NA,NA,NA,18850,3.8,NA,NA,NA,NA,NA,NA,NA,2021-10-03,NA,NA,https://churchofjesuschristtemples.org/la-paz-bolivia-temple,"Avenida Los Sauces and Calle 8 de Calacoto, Calacoto, La Paz, Bolivia",-16.54504001911,-68.090360019398,Russell M. Nelson,2018-01-14 UTC--2023-10-26 UTC,2018-01-14T00:00:00Z,2023-10-26T00:00:00Z
Lagos Nigeria Temple,2,2,1,19800,2.7,NA,NA,NA,5.7,NA,NA,NA,2018-10-07,NA,NA,https://churchofjesuschristtemples.org/lagos-nigeria-temple,"Rumens Road and Bourdillon Road, Ikoyi, Lagos, Nigeria",6.444409995547,3.431979978193,Russell M. Nelson,2018-01-14 UTC--2023-10-26 UTC,2018-01-14T00:00:00Z,2023-10-26T00:00:00Z
Laie Hawaii Temple,4,5,1,42100,11.4,14,0,14,29.2,1,Attached,No,1915-10-03,1916-02-08,1919-11-27,https://churchofjesuschristtemples.org/laie-hawaii-temple,"55-600 Naniloa Loop, Laie, Hawaii 96762-2202, United States",21.647403003484,-157.931907976946,Joseph F. Smith,1901-10-17 UTC--1918-11-19 UTC,1901-10-17T00:00:00Z,1918-11-19T00:00:00Z
Las Vegas Nevada Temple,4,6,1,80350,10.3,30,0,30,NA,6,Attached,Yes,1984-04-07,1985-11-30,1989-12-16,https://churchofjesuschristtemples.org/las-vegas-nevada-temple,"827 Temple View Dr, Las Vegas, Nevada 89110-2920, United States",36.175098007626,-115.020228035292,Spencer W. Kimball,1973-12-30 UTC--1985-11-05 UTC,1973-12-30T00:00:00Z,1985-11-05T00:00:00Z
Layton Utah Temple,NA,NA,NA,87000,11.87,NA,NA,NA,NA,2,Attached,Yes,2018-04-01,2020-05-23,NA,https://churchofjesuschristtemples.org/layton-utah-temple,"1400 Oak Hills Drive, Layton, Utah 84040, United States",41.061649993556,-111.938659973414,Russell M. Nelson,2018-01-14 UTC--2023-10-26 UTC,2018-01-14T00:00:00Z,2023-10-26T00:00:00Z
Lethbridge Alberta Temple,NA,NA,NA,45000,9,NA,NA,NA,NA,NA,NA,NA,2023-04-02,NA,NA,https://churchofjesuschristtemples.org/lethbridge-alberta-temple,"Whoop Up Drive West and Mauretania Road West, Lethbridge, Alberta, Canada",49.669780651885,-112.908651359802,Russell M. Nelson,2018-01-14 UTC--2023-10-26 UTC,2018-01-14T00:00:00Z,2023-10-26T00:00:00Z
Lima Peru Los Olivos Temple,NA,NA,NA,22077,2.46,NA,NA,NA,332.4,1,Attached,No,2016-04-03,2019-06-08,2024-01-14,https://churchofjesuschristtemples.org/lima-peru-los-olivos-temple,"Avenida Eloy Espinoza 680, Urbanización Palao 4ta Etapa, San Martín de Porres, Lima, Lima 15102, Peru",-12.020190903089,-77.054860842123,Thomas S. Monson,2008-02-03 UTC--2018-01-02 UTC,2008-02-03T00:00:00Z,2018-01-02T00:00:00Z
Lima Peru Temple,4,3,1,9600,4.5,68,7,75,812.7,6,Detached,Yes,1981-04-01,1982-09-11,1986-01-10,https://churchofjesuschristtemples.org/lima-peru-temple,"Av. Javier Prado Este 6420, Urb. Santa Patricia, La Molina, Lima 12, Peru",-12.069641327988,-76.950385420636,Spencer W. Kimball,1973-12-30 UTC--1985-11-05 UTC,1973-12-30T00:00:00Z,1985-11-05T00:00:00Z
Lindon Utah Temple,4,4,2,87005,11.87,NA,NA,NA,NA,2,Attached,No,2020-10-04,2022-04-23,NA,https://churchofjesuschristtemples.org/lindon-utah-temple,"Approximately 850 East Center Street, Lindon, Utah, United States",40.337827008819,-111.694581593581,Russell M. Nelson,2018-01-14 UTC--2023-10-26 UTC,2018-01-14T00:00:00Z,2023-10-26T00:00:00Z
Lisbon Portugal Temple,2,1,1,23730,4.6,7,1,8,45.5,1,Attached,Yes,2010-10-02,2015-12-05,2019-09-15,https://churchofjesuschristtemples.org/lisbon-portugal-temple,"Avenida Dom João II, Nº75, Parque Das Nações, 1990-364 Lisboa, Portugal",38.776487021982,-9.097118760496,Thomas S. Monson,2008-02-03 UTC--2018-01-02 UTC,2008-02-03T00:00:00Z,2018-01-02T00:00:00Z
Logan Utah Temple,4,11,1,119619,9,43,0,43,NA,2,Attached,No,1876-10-06,1877-05-18,1884-05-17,https://churchofjesuschristtemples.org/logan-utah-temple,"175 N 300 E, Logan, Utah 84321-4720, United States",41.734414986211,-111.828014995823,Brigham Young,1844-06-27 UTC--1877-08-29 UTC,1844-06-27T00:00:00Z,1877-08-29T00:00:00Z
London England Temple,4,8,1,42652,32,19,1,20,196.8,1,Attached,Yes,1953-08-10,1955-08-27,1958-09-07,https://churchofjesuschristtemples.org/london-england-temple,"West Park Road, Newchapel, Surrey, England RH7 6HW, United Kingdom",51.158887001742,-0.065571878648,David O. McKay,1951-04-09 UTC--1970-01-18 UTC,1951-04-09T00:00:00Z,1970-01-18T00:00:00Z
Londrina Brazil Temple,NA,NA,NA,32000,NA,NA,NA,NA,NA,NA,NA,NA,2022-10-02,NA,NA,https://churchofjesuschristtemples.org/londrina-brazil-temple,"Avenida Harry Prochet, Jardim São Jorge, Londrina–PR, Brazil",-23.347645684055,-51.165115843979,Russell M. Nelson,2018-01-14 UTC--2023-10-26 UTC,2018-01-14T00:00:00Z,2023-10-26T00:00:00Z
Lone Mountain Nevada Temple,NA,NA,NA,87000,19.8,NA,NA,NA,NA,NA,NA,NA,2022-10-02,NA,NA,https://churchofjesuschristtemples.org/lone-mountain-nevada-temple,"Lone Mountain, Las Vegas, Nevada, United States",36.22795,-115.28822,Russell M. Nelson,2018-01-14 UTC--2023-10-26 UTC,2018-01-14T00:00:00Z,2023-10-26T00:00:00Z
Los Angeles California Temple,4,10,1,190614,13,36,0,36,289.9,1,Attached,Yes,1937-03-06,1951-09-22,1956-03-11,https://churchofjesuschristtemples.org/los-angeles-california-temple,"10777 Santa Monica Blvd, Los Angeles, California 90025-4718, United States",34.052465015115,-118.433708985538,Heber J. Grant,1918-11-23 UTC--1945-05-14 UTC,1918-11-23T00:00:00Z,1945-05-14T00:00:00Z
Louisville Kentucky Temple,2,2,1,10700,3,9,0,9,785.7,1,Attached,Yes,1999-03-17,1999-05-29,2000-03-19,https://churchofjesuschristtemples.org/louisville-kentucky-temple,"7118 West Hwy 22, Crestwood, Kentucky 40014, United States",38.321085999869,-85.48882999713,Gordon B. Hinckley,1995-03-12 UTC--2008-01-27 UTC,1995-03-12T00:00:00Z,2008-01-27T00:00:00Z
Lubbock Texas Temple,2,2,1,16498,2.7,7,1,8,NA,1,Attached,Yes,2000-04-02,2000-11-04,2002-04-21,https://churchofjesuschristtemples.org/lubbock-texas-temple,"7016 Frankford Ave, Lubbock, Texas 79424, United States",33.529320011628,-101.940440964857,Gordon B. Hinckley,1995-03-12 UTC--2008-01-27 UTC,1995-03-12T00:00:00Z,2008-01-27T00:00:00Z
Lubumbashi Democratic Republic of the Congo Temple,2,2,1,16700,2.57,NA,NA,NA,NA,1,Attached,No,2020-04-05,2022-08-20,NA,https://churchofjesuschristtemples.org/lubumbashi-democratic-republic-of-the-congo-temple,"Av. Kashobwe, Lubumbashi, Democratic Republic of the Congo",-11.647370507853,27.466940222958,Russell M. Nelson,2018-01-14 UTC--2023-10-26 UTC,2018-01-14T00:00:00Z,2023-10-26T00:00:00Z
Maceió Brazil Temple,NA,NA,NA,19000,NA,NA,NA,NA,229.1,NA,NA,NA,2022-04-03,NA,NA,https://churchofjesuschristtemples.org/maceio-brazil-temple,"Av. Durval de Góes Monteiro, Jardim Petropolis, Maceió–AL, Brazil",-9.59358093476,-35.754137715178,Russell M. Nelson,2018-01-14 UTC--2023-10-26 UTC,2018-01-14T00:00:00Z,2023-10-26T00:00:00Z
Madrid Spain Temple,4,4,1,45800,3.5,15,1,16,NA,1,Attached,Yes,1993-04-04,1996-06-11,1999-03-19,https://churchofjesuschristtemples.org/madrid-spain-temple,"Calle Del Templo No 2, Madrid, 28030 Madrid, Spain",40.400948822685,-3.631154198028,Ezra Taft Benson,1985-11-10 UTC--1994-05-30 UTC,1985-11-10T00:00:00Z,1994-05-30T00:00:00Z
Managua Nicaragua Temple,2,2,1,25000,8.9,NA,NA,NA,817.9,1,Attached,No,2018-04-01,2022-11-26,NA,https://churchofjesuschristtemples.org/managua-nicaragua-temple,"Highway to Masaya, Managua, Nicaragua",12.1172,-86.24081,Russell M. Nelson,2018-01-14 UTC--2023-10-26 UTC,2018-01-14T00:00:00Z,2023-10-26T00:00:00Z
Manaus Brazil Temple,2,2,1,32032,7.7,13,4,17,106.9,1,Attached,Yes,2007-05-23,2008-06-20,2012-06-10,https://churchofjesuschristtemples.org/manaus-brazil-temple,"Avenida Coronel Texeira #3162, Ponta Negra, 69037-000 Manaus–AM, Brazil",-3.079836595638,-60.076840137896,Gordon B. Hinckley,1995-03-12 UTC--2008-01-27 UTC,1995-03-12T00:00:00Z,2008-01-27T00:00:00Z
Manhattan New York Temple,2,2,1,20630,0.3,11,0,11,80.3,1,Attached,Yes,2002-08-07,2002-09-23,2004-06-13,https://churchofjesuschristtemples.org/manhattan-new-york-temple,"125 Columbus Ave, Fourth Floor, New York, New York 10023-6514, United States",40.773104653122,-73.981707316815,Gordon B. Hinckley,1995-03-12 UTC--2008-01-27 UTC,1995-03-12T00:00:00Z,2008-01-27T00:00:00Z
Manila Philippines Temple,4,3,1,26683,3.5,85,25,110,167.9,6,Detached,Yes,1981-04-01,1982-08-25,1984-09-25,https://churchofjesuschristtemples.org/manila-philippines-temple,"13 Temple Drive corner Whiteplains Avenue, Greenmeadows Subdivision, UGONG NORTE, Quezon City, 1110 Metro Manila, Philippines",14.601819987689,121.068989988914,Spencer W. Kimball,1973-12-30 UTC--1985-11-05 UTC,1973-12-30T00:00:00Z,1985-11-05T00:00:00Z
Manti Utah Temple,4,8,1,74792,27,23,0,23,NA,2,Attached,No,1875-06-25,1877-04-25,1888-05-21,https://churchofjesuschristtemples.org/manti-utah-temple,"200 E 510 N, Manti, Utah 84642-1701, United States",39.257898466701,-111.63348399781,Brigham Young,1844-06-27 UTC--1877-08-29 UTC,1844-06-27T00:00:00Z,1877-08-29T00:00:00Z
McAllen Texas Temple,2,2,1,27897,10.61,5,0,5,107.2,1,Attached,No,2019-10-05,2020-11-21,2023-10-08,https://churchofjesuschristtemples.org/mcallen-texas-temple,"300 W Trenton Road, McAllen, Texas 78504, United States",26.267303596837,-98.212938192789,Russell M. Nelson,2018-01-14 UTC--2023-10-26 UTC,2018-01-14T00:00:00Z,2023-10-26T00:00:00Z
Medford Oregon Temple,2,2,1,10700,2,7,0,7,NA,1,Attached,Yes,1999-03-15,1999-05-20,2000-04-16,https://churchofjesuschristtemples.org/medford-oregon-temple,"3900 Grant Rd, Central Point, Oregon 97502-3911, United States",42.373266002337,-122.932681014264,Gordon B. Hinckley,1995-03-12 UTC--2008-01-27 UTC,1995-03-12T00:00:00Z,2008-01-27T00:00:00Z
Melbourne Australia Temple,2,2,1,10700,5.98,11,0,11,314.1,1,Attached,Yes,1998-10-30,1999-03-20,2000-06-16,https://churchofjesuschristtemples.org/melbourne-australia-temple,"76 Cathies Ln, Wantirna South, Victoria 3152, Australia",-37.86887318728,145.214348037361,Gordon B. Hinckley,1995-03-12 UTC--2008-01-27 UTC,1995-03-12T00:00:00Z,2008-01-27T00:00:00Z
Memphis Tennessee Temple,2,2,1,10890,6.35,6,0,6,323.7,1,Attached,Yes,1998-09-17,1999-01-16,2000-04-23,https://churchofjesuschristtemples.org/memphis-tennessee-temple,"4199 Kirby-Whitten Pkwy, Bartlett, Tennessee 38135-9245, United States",35.240703013372,-89.839330022148,Gordon B. Hinckley,1995-03-12 UTC--2008-01-27 UTC,1995-03-12T00:00:00Z,2008-01-27T00:00:00Z
Mendoza Argentina Temple,2,2,1,21000,15,NA,NA,NA,NA,1,Attached,No,2018-10-07,2020-12-17,NA,https://churchofjesuschristtemples.org/mendoza-argentina-temple,"Avenida Champagnat, Las Heras, Mendoza, Argentina",-32.861258746212,-68.883697900708,Russell M. Nelson,2018-01-14 UTC--2023-10-26 UTC,2018-01-14T00:00:00Z,2023-10-26T00:00:00Z
Mérida Mexico Temple,2,2,1,10700,1.53,14,2,16,34.7,1,Attached,Yes,1998-09-25,1999-01-16,2000-07-08,https://churchofjesuschristtemples.org/merida-mexico-temple,"Calle 70 #527, Esq 65 y 67, Col. Centro, 97000 Mérida, Yucatan, Mexico",20.965869995284,-89.630389963105,Gordon B. Hinckley,1995-03-12 UTC--2008-01-27 UTC,1995-03-12T00:00:00Z,2008-01-27T00:00:00Z
Meridian Idaho Temple,3,5,1,67331,15.73,19,0,19,NA,1,Attached,Yes,2011-04-02,2014-08-23,2017-11-19,https://churchofjesuschristtemples.org/meridian-idaho-temple,"7355 N Linder Rd, Meridian, Idaho 83646, United States",43.671575991284,-116.415013017326,Thomas S. Monson,2008-02-03 UTC--2018-01-02 UTC,2008-02-03T00:00:00Z,2018-01-02T00:00:00Z
Mesa Arizona Temple,4,6,1,75000,20,29,0,29,NA,0,None,No,1919-10-03,1922-04-25,1927-10-23,https://churchofjesuschristtemples.org/mesa-arizona-temple,"101 S LeSueur, Mesa, Arizona 85204-1031, United States",33.412414464826,-111.820542445323,Heber J. Grant,1918-11-23 UTC--1945-05-14 UTC,1918-11-23T00:00:00Z,1945-05-14T00:00:00Z
Mexico City Benemérito Mexico Temple,NA,NA,NA,29000,NA,NA,NA,NA,NA,NA,NA,NA,2022-04-03,NA,NA,https://churchofjesuschristtemples.org/mexico-city-benemerito-mexico-temple,"Tenayuca-Chalmita 828, Colonia Zona Escolar, Gustavo A. Madero, 07230 Mexico City, Mexico",19.530520052929,-99.143754811414,Russell M. Nelson,2018-01-14 UTC--2023-10-26 UTC,2018-01-14T00:00:00Z,2023-10-26T00:00:00Z
Mexico City Mexico Temple,4,11,1,116642,7,96,4,100,NA,1,Attached,Yes,1976-04-03,1979-11-25,1983-12-02,https://churchofjesuschristtemples.org/mexico-city-mexico-temple,"Avenida 510 #90, Col. San Juan de Aragon, 07950 México, Distrito Federal, Mexico",19.465290014383,-99.086609966628,Spencer W. Kimball,1973-12-30 UTC--1985-11-05 UTC,1973-12-30T00:00:00Z,1985-11-05T00:00:00Z
Miraflores Guatemala City Guatemala Temple,2,2,1,30000,1.5,NA,NA,NA,NA,1,Attached,No,2020-10-04,2022-12-03,NA,https://churchofjesuschristtemples.org/miraflores-guatemala-city-guatemala-temple,"13 Calle 5-56, Zona 11, Guatemala City, Guatemala",14.607079939489,-90.545228759866,Russell M. Nelson,2018-01-14 UTC--2023-10-26 UTC,2018-01-14T00:00:00Z,2023-10-26T00:00:00Z
Modesto California Temple,2,2,1,30000,17.63,NA,NA,NA,81.3,1,Attached,No,2022-04-03,2023-10-07,NA,https://churchofjesuschristtemples.org/modesto-california-temple,"Adjacent to 4300 Dale Road, Modesto, California, United States",37.702352012369,-121.049159998563,Russell M. Nelson,2018-01-14 UTC--2023-10-26 UTC,2018-01-14T00:00:00Z,2023-10-26T00:00:00Z
Monterrey Mexico Temple,2,2,1,16498,7.78,26,6,32,NA,1,Attached,Yes,1995-12-21,2000-11-04,2002-04-28,https://churchofjesuschristtemples.org/monterrey-mexico-temple,"Av. Eugenio Garza Sada, Esq. Privada Valle de la Estanzuela, Colonia Valle Alto, 64989 Monterrey, Nuevo Leon, Mexico",25.590770019028,-100.260150004299,Gordon B. Hinckley,1995-03-12 UTC--2008-01-27 UTC,1995-03-12T00:00:00Z,2008-01-27T00:00:00Z
Montevideo Uruguay Temple,2,2,1,10700,1.59,18,2,20,41.4,1,Attached,Yes,1998-11-02,1999-04-27,2001-03-18,https://churchofjesuschristtemples.org/montevideo-uruguay-temple,"Bolonia 1722, Carrasco, 11500 Montevideo, Uruguay",-34.888320008706,-56.074499988963,Gordon B. Hinckley,1995-03-12 UTC--2008-01-27 UTC,1995-03-12T00:00:00Z,2008-01-27T00:00:00Z
Monticello Utah Temple,2,2,1,11225,1.33,7,0,7,NA,1,Attached,Yes,1997-10-04,1997-11-17,1998-07-26,https://churchofjesuschristtemples.org/monticello-utah-temple,"365 N 200 W, Monticello, Utah 84535, United States",37.878149984348,-109.347086990879,Gordon B. Hinckley,1995-03-12 UTC--2008-01-27 UTC,1995-03-12T00:00:00Z,2008-01-27T00:00:00Z
Montpelier Idaho Temple,2,2,1,27000,2.6,NA,NA,NA,NA,1,Attached,No,2022-04-03,2023-06-17,NA,https://churchofjesuschristtemples.org/montpelier-idaho-temple,"Washington Street, Montpelier, Idaho, United States",42.317640004827,-111.303138961122,Russell M. Nelson,2018-01-14 UTC--2023-10-26 UTC,2018-01-14T00:00:00Z,2023-10-26T00:00:00Z
Montreal Quebec Temple,2,2,1,11550,2.4,4,1,5,46.5,1,Attached,Yes,1998-08-06,1999-04-09,2000-06-04,https://churchofjesuschristtemples.org/montreal-quebec-temple,"1450 Blvd Marie-Victorin, Longueuil, Quebec J4G 1A4, Canada",45.563269991224,-73.490648993054,Gordon B. Hinckley,1995-03-12 UTC--2008-01-27 UTC,1995-03-12T00:00:00Z,2008-01-27T00:00:00Z
Moses Lake Washington Temple,2,2,1,28933,17.2,5,0,5,NA,1,Attached,No,2019-04-07,2020-10-10,2023-09-17,https://churchofjesuschristtemples.org/moses-lake-washington-temple,"401 Yonezawa Blvd, Moses Lake, Washington 98837, United States",47.104361200409,-119.272084982055,Russell M. Nelson,2018-01-14 UTC--2023-10-26 UTC,2018-01-14T00:00:00Z,2023-10-26T00:00:00Z
Mount Timpanogos Utah Temple,4,8,1,107240,16.7,41,0,41,NA,1,Attached,Yes,1992-10-03,1993-10-09,1996-10-13,https://churchofjesuschristtemples.org/mount-timpanogos-utah-temple,"742 N 900 E, American Fork, Utah 84003-9124, United States",40.392867997472,-111.770609017355,Ezra Taft Benson,1985-11-10 UTC--1994-05-30 UTC,1985-11-10T00:00:00Z,1994-05-30T00:00:00Z
Nairobi Kenya Temple,2,2,1,NA,NA,NA,NA,NA,NA,1,Attached,No,2017-04-02,2021-09-11,NA,https://churchofjesuschristtemples.org/nairobi-kenya-temple,"Mountain View, Nairobi, Kenya",-1.26931,36.73863,Thomas S. Monson,2008-02-03 UTC--2018-01-02 UTC,2008-02-03T00:00:00Z,2018-01-02T00:00:00Z
Nashville Tennessee Temple,2,2,1,10700,6.86,10,0,10,653.1,1,Attached,Yes,1994-11-09,1999-03-13,2000-05-21,https://churchofjesuschristtemples.org/nashville-tennessee-temple,"1100 Gray Fox Ln, Franklin, Tennessee 37069, United States",35.949172985716,-86.860866996861,Howard W. Hunter,1994-06-05 UTC--1995-03-03 UTC,1994-06-05T00:00:00Z,1995-03-03T00:00:00Z
Natal Brazil Temple,NA,NA,NA,19800,5.53,NA,NA,NA,129.4,NA,NA,NA,2023-04-02,NA,NA,https://churchofjesuschristtemples.org/natal-brazil-temple,"Av. Senador Salgado Filho (BR-101), Nova Parnamirim, Parnamirim–RN, Brazil",-5.87098781731,-35.218800357637,Russell M. Nelson,2018-01-14 UTC--2023-10-26 UTC,2018-01-14T00:00:00Z,2023-10-26T00:00:00Z
Nauvoo Illinois Temple,4,6,1,54000,3.3,5,0,5,650,1,Attached,Yes,1999-04-04,1999-10-24,2002-06-27,https://churchofjesuschristtemples.org/nauvoo-illinois-temple,"50 N Wells St, Nauvoo, Illinois 62354, United States",40.548926106779,-91.384939042633,Gordon B. Hinckley,1995-03-12 UTC--2008-01-27 UTC,1995-03-12T00:00:00Z,2008-01-27T00:00:00Z
Neiafu Tonga Temple,2,2,1,17000,3.3,NA,NA,NA,101.7,1,Attached,No,2019-04-07,2021-09-11,NA,https://churchofjesuschristtemples.org/neiafu-tonga-temple,"Tu’I Road, Neiafu, Vava'u, Tonga",-18.635437738086,-173.972385308487,Russell M. Nelson,2018-01-14 UTC--2023-10-26 UTC,2018-01-14T00:00:00Z,2023-10-26T00:00:00Z
Newport Beach California Temple,2,3,1,17800,8.8,15,0,15,196.1,1,Attached,Yes,2001-04-21,2003-08-15,2005-08-28,https://churchofjesuschristtemples.org/newport-beach-california-temple,"2300 Bonita Canyon Dr, Newport Beach, California 92660-9118, United States",33.629481994374,-117.848781979572,Gordon B. Hinckley,1995-03-12 UTC--2008-01-27 UTC,1995-03-12T00:00:00Z,2008-01-27T00:00:00Z
Nuku'alofa Tonga Temple,2,3,1,21184,1.2,21,2,23,49.7,1,Attached,Yes,1980-04-02,1981-02-18,1983-08-09,https://churchofjesuschristtemples.org/nuku'alofa-tonga-temple,"Halaloto Road, Liahona, Nuku'alofa, Tonga",-21.13351,-175.20344,Spencer W. Kimball,1973-12-30 UTC--1985-11-05 UTC,1973-12-30T00:00:00Z,1985-11-05T00:00:00Z
Oakland California Temple,4,7,1,80157,18.1,27,0,27,664.3,5,Attached,No,1961-01-23,1962-05-26,1964-11-17,https://churchofjesuschristtemples.org/oakland-california-temple,"4770 Lincoln Ave, Oakland, California 94602-2535, United States",37.810097304426,-122.199120479572,David O. McKay,1951-04-09 UTC--1970-01-18 UTC,1951-04-09T00:00:00Z,1970-01-18T00:00:00Z
Oaxaca Mexico Temple,2,2,1,10700,1.87,7,5,12,NA,1,Attached,Yes,1999-02-23,1999-03-13,2000-03-11,https://churchofjesuschristtemples.org/oaxaca-mexico-temple,"Av. Universidad # 139, Fracc. Real de Candiani, 68130 Oaxaca, Oaxaca, Mexico",17.037749694508,-96.711103769243,Gordon B. Hinckley,1995-03-12 UTC--2008-01-27 UTC,1995-03-12T00:00:00Z,2008-01-27T00:00:00Z
Ogden Utah Temple,6,9,1,112232,9.96,64,0,64,NA,1,Attached,Yes,1967-08-24,1969-09-08,1972-01-18,https://churchofjesuschristtemples.org/ogden-utah-temple,"350 22nd St, Ogden, Utah 84401-1487, United States",41.228008014722,-111.971750972779,David O. McKay,1951-04-09 UTC--1970-01-18 UTC,1951-04-09T00:00:00Z,1970-01-18T00:00:00Z
Okinawa Japan Temple,1,1,1,12437,0.55,NA,NA,NA,141.9,1,Attached,No,2019-04-07,2020-12-05,2023-11-12,https://churchofjesuschristtemples.org/okinawa-japan-temple,"Matsumoto 7-11-32, Okinawa-shi, Okinawa-ken 904-2151, Japan",26.358348711561,127.802025874984,Russell M. Nelson,2018-01-14 UTC--2023-10-26 UTC,2018-01-14T00:00:00Z,2023-10-26T00:00:00Z
Oklahoma City Oklahoma Temple,2,2,1,10890,1,13,0,13,NA,1,Attached,Yes,1999-03-14,1999-07-03,2000-07-30,https://churchofjesuschristtemples.org/oklahoma-city-oklahoma-temple,"12030 N Mustang Rd, Yukon, Oklahoma 73099-9801, United States",35.591856979575,-97.726675010159,Gordon B. Hinckley,1995-03-12 UTC--2008-01-27 UTC,1995-03-12T00:00:00Z,2008-01-27T00:00:00Z
Oquirrh Mountain Utah Temple,4,7,1,60000,11,42,0,42,NA,1,Attached,Yes,2005-10-01,2006-12-16,2009-08-21,https://churchofjesuschristtemples.org/oquirrh-mountain-utah-temple,"11022 S 4000 W, South Jordan, Utah 84009-5797, United States",40.551152988594,-111.987588997925,Gordon B. Hinckley,1995-03-12 UTC--2008-01-27 UTC,1995-03-12T00:00:00Z,2008-01-27T00:00:00Z
Orem Utah Temple,4,4,1,71998,15.39,NA,NA,NA,NA,1,Attached,No,2019-10-05,2020-09-05,2024-01-21,https://churchofjesuschristtemples.org/orem-utah-temple,"1451 S 1100 W, Orem, Utah 84058, United States",40.271856386809,-111.720994523963,Russell M. Nelson,2018-01-14 UTC--2023-10-26 UTC,2018-01-14T00:00:00Z,2023-10-26T00:00:00Z
Orlando Florida Temple,4,5,1,70000,13,24,0,24,193.8,1,Attached,Yes,1990-02-17,1992-06-20,1994-10-09,https://churchofjesuschristtemples.org/orlando-florida-temple,"9000 Windy Ridge Rd, Windermere, Florida 34786-8347, United States",28.507365001602,-81.509548035222,Ezra Taft Benson,1985-11-10 UTC--1994-05-30 UTC,1985-11-10T00:00:00Z,1994-05-30T00:00:00Z
Oslo Norway Temple,1,1,1,10800,8,NA,NA,NA,110.4,1,Attached,No,2021-04-04,NA,NA,https://churchofjesuschristtemples.org/oslo-norway-temple,"Smedsvingen and Ravnsborgveien, Hvalstad, Norway",59.85838000656,10.478329980037,Russell M. Nelson,2018-01-14 UTC--2023-10-26 UTC,2018-01-14T00:00:00Z,2023-10-26T00:00:00Z
Pago Pago American Samoa Temple,2,2,1,17000,NA,NA,NA,NA,61,1,Attached,No,2019-04-07,2021-10-30,NA,https://churchofjesuschristtemples.org/pago-pago-american-samoa-temple,"Ottoville Road, 96799 Tafuna, Western District, American Samoa",-14.331196322809,-170.730831759363,Russell M. Nelson,2018-01-14 UTC--2023-10-26 UTC,2018-01-14T00:00:00Z,2023-10-26T00:00:00Z
Palmyra New York Temple,2,2,1,10900,5,7,1,8,578.9,1,Attached,Yes,1999-02-21,1999-05-25,2000-04-06,https://churchofjesuschristtemples.org/palmyra-new-york-temple,"2720 Temple Rd, Palmyra, New York 14522-9573, United States",43.039071626514,-77.237050168792,Gordon B. Hinckley,1995-03-12 UTC--2008-01-27 UTC,1995-03-12T00:00:00Z,2008-01-27T00:00:00Z
Panama City Panama Temple,2,2,1,18943,6.96,8,5,13,121.8,1,Attached,Yes,2002-08-23,2005-10-30,2008-08-10,https://churchofjesuschristtemples.org/panama-city-panama-temple,"Calle Rufina Alfaro #3172, Hacia La Villa de Cardenas, Corozal, Ancon, Provincia de Panamá, Panama",8.9874848958,-79.572712386866,Gordon B. Hinckley,1995-03-12 UTC--2008-01-27 UTC,1995-03-12T00:00:00Z,2008-01-27T00:00:00Z
Papeete Tahiti Temple,2,2,1,12150,1.7,11,2,13,71.1,1,Attached,Yes,1980-04-02,1981-02-13,1983-10-27,https://churchofjesuschristtemples.org/papeete-tahiti-temple,"Allee Pierre Loti, Papeete, Tahiti 98716, French Polynesia",-17.5347,-149.56843,Spencer W. Kimball,1973-12-30 UTC--1985-11-05 UTC,1973-12-30T00:00:00Z,1985-11-05T00:00:00Z
Paris France Temple,2,3,1,44175,2.26,8,0,8,390.5,0,None,No,2011-10-01,2012-08-24,2017-05-21,https://churchofjesuschristtemples.org/paris-france-temple,"46 Boulevard Saint Antoine, 78150 Le Chesnay, France",48.817629017317,2.122927029674,Thomas S. Monson,2008-02-03 UTC--2018-01-02 UTC,2008-02-03T00:00:00Z,2018-01-02T00:00:00Z
Payson Utah Temple,3,7,1,96630,10.63,30,0,30,NA,1,Attached,Yes,2010-01-25,2011-10-08,2015-06-07,https://churchofjesuschristtemples.org/payson-utah-temple,"1494 S 930 W, Payson, Utah 84651, United States",40.019552991735,-111.749614026281,Thomas S. Monson,2008-02-03 UTC--2018-01-02 UTC,2008-02-03T00:00:00Z,2018-01-02T00:00:00Z
Perth Australia Temple,2,2,1,10700,2.76,4,0,4,92.5,1,Attached,Yes,1999-06-11,1999-11-20,2001-05-20,https://churchofjesuschristtemples.org/perth-australia-temple,"163-173 Wordsworth Avenue, Yokine, Western Australia 6060, Australia",-31.907054452182,115.87029861094,Gordon B. Hinckley,1995-03-12 UTC--2008-01-27 UTC,1995-03-12T00:00:00Z,2008-01-27T00:00:00Z
Philadelphia Pennsylvania Temple,2,4,1,61466,1.6,11,0,11,32.6,2,Attached,Yes,2008-10-04,2011-09-17,2016-09-18,https://churchofjesuschristtemples.org/philadelphia-pennsylvania-temple,"1739 Vine St, Philadelphia, Pennsylvania 19103, United States",39.959058994408,-75.168017016336,Thomas S. Monson,2008-02-03 UTC--2018-01-02 UTC,2008-02-03T00:00:00Z,2018-01-02T00:00:00Z
Phnom Penh Cambodia Temple,1,1,1,10000,3.16,NA,NA,NA,35.3,5,Attached,No,2018-10-07,2021-09-18,NA,https://churchofjesuschristtemples.org/phnom-penh-cambodia-temple,"Russian Confederation Street, Phnom Penh, Cambodia",11.56261,104.87914,Russell M. Nelson,2018-01-14 UTC--2023-10-26 UTC,2018-01-14T00:00:00Z,2023-10-26T00:00:00Z
Phoenix Arizona Temple,2,4,1,64870,5.19,20,0,20,NA,1,Attached,Yes,2008-05-24,2011-06-04,2014-11-16,https://churchofjesuschristtemples.org/phoenix-arizona-temple,"5220 W Pinnacle Peak Rd, Phoenix, Arizona 85310, United States",33.698049168058,-112.172123206107,Thomas S. Monson,2008-02-03 UTC--2018-01-02 UTC,2008-02-03T00:00:00Z,2018-01-02T00:00:00Z
Pittsburgh Pennsylvania Temple,2,2,1,32000,5.8,NA,NA,NA,NA,1,Attached,No,2020-04-05,2021-08-21,NA,https://churchofjesuschristtemples.org/pittsburgh-pennsylvania-temple,"2093 Powell Road, Cranberry Township, Pennsylvania 16066, United States",40.694112442236,-80.140276389765,Russell M. Nelson,2018-01-14 UTC--2023-10-26 UTC,2018-01-14T00:00:00Z,2023-10-26T00:00:00Z
Pocatello Idaho Temple,4,4,1,71125,10.94,20,0,20,NA,1,Attached,Yes,2017-04-02,2019-03-16,2021-11-07,https://churchofjesuschristtemples.org/pocatello-idaho-temple,"3100 Butte St, Pocatello, Idaho 83201, United States",42.914907016286,-112.406763030406,Thomas S. Monson,2008-02-03 UTC--2018-01-02 UTC,2008-02-03T00:00:00Z,2018-01-02T00:00:00Z
Port Moresby Papua New Guinea Temple,1,1,1,9550,3.76,NA,NA,NA,82.9,1,Attached,No,2019-10-05,2023-04-22,NA,https://churchofjesuschristtemples.org/port-moresby-papua-new-guinea-temple,"Muniogo Crescent, Badili, Port Moresby, Papua New Guinea",-9.45507,147.20381,Russell M. Nelson,2018-01-14 UTC--2023-10-26 UTC,2018-01-14T00:00:00Z,2023-10-26T00:00:00Z
Port Vila Vanuatu Temple,1,1,1,10000,1.62,NA,NA,NA,64.1,1,Attached,No,2020-10-04,2023-04-08,NA,https://churchofjesuschristtemples.org/port-vila-vanuatu-temple,"Blacksands, Port Vila, Vanuatu",-17.717310054157,168.300281061605,Russell M. Nelson,2018-01-14 UTC--2023-10-26 UTC,2018-01-14T00:00:00Z,2023-10-26T00:00:00Z
Port-au-Prince Haiti Temple,1,1,1,10396,1.77,5,4,9,674.7,1,Attached,No,2015-04-05,2017-10-28,2019-09-01,https://churchofjesuschristtemples.org/port-au-prince-haiti-temple,"Route de Frères, Frères 23, Impasse Saint-Marc # 20 & 22, HT Petion-Ville, Haiti",18.527523451894,-72.271726921654,Thomas S. Monson,2008-02-03 UTC--2018-01-02 UTC,2008-02-03T00:00:00Z,2018-01-02T00:00:00Z
Portland Oregon Temple,4,14,1,80500,7.3,31,0,31,235.8,6,Attached,Yes,1984-04-07,1986-09-20,1989-08-19,https://churchofjesuschristtemples.org/portland-oregon-temple,"13600 Kruse Oaks Blvd, Lake Oswego, Oregon 97035-8602, United States",45.425396987901,-122.742272002037,Spencer W. Kimball,1973-12-30 UTC--1985-11-05 UTC,1973-12-30T00:00:00Z,1985-11-05T00:00:00Z
Porto Alegre Brazil Temple,2,2,1,10700,2,27,5,32,307.7,1,Attached,Yes,1997-09-30,1998-05-02,2000-12-17,https://churchofjesuschristtemples.org/porto-alegre-brazil-temple,"Rua General Salvador Pinheiro, 50, Vila Jardim, 91320-240 Porto Alegre–RS, Brazil",-30.034329998323,-51.157399989272,Gordon B. Hinckley,1995-03-12 UTC--2008-01-27 UTC,1995-03-12T00:00:00Z,2008-01-27T00:00:00Z
Praia Cape Verde Temple,1,1,1,8759,4.46,4,1,5,17.9,1,Attached,No,2018-10-07,2019-05-04,2022-06-19,https://churchofjesuschristtemples.org/praia-cape-verde-temple,"Avenida Cidade de Lisboa, Bairro Taiti, 7600 Praia, São Tiago, Cape Verde",14.919674148915,-23.511428594876,Russell M. Nelson,2018-01-14 UTC--2023-10-26 UTC,2018-01-14T00:00:00Z,2023-10-26T00:00:00Z
Preston England Temple,4,4,1,69630,15,23,1,24,361.9,1,Attached,Yes,1992-10-19,1994-06-12,1998-06-07,https://churchofjesuschristtemples.org/preston-england-temple,"Temple Way, Hartwood Green, Chorley, Lancashire, England PR6 7EQ, United Kingdom",53.67102001499,-2.63058001298,Ezra Taft Benson,1985-11-10 UTC--1994-05-30 UTC,1985-11-10T00:00:00Z,1994-05-30T00:00:00Z
Provo City Center Temple,3,5,1,85084,5.6,29,0,29,NA,5,Attached,Yes,2011-10-01,2012-05-12,2016-03-20,https://churchofjesuschristtemples.org/provo-city-center-temple,"50 South University Ave, Provo, Utah 84601, United States",40.232664011527,-111.65928996711,Thomas S. Monson,2008-02-03 UTC--2018-01-02 UTC,2008-02-03T00:00:00Z,2018-01-02T00:00:00Z
Provo Utah Temple,6,12,1,130825,17,57,0,57,NA,1,Attached,Yes,1967-08-14,1969-09-15,1972-02-09,https://churchofjesuschristtemples.org/provo-utah-temple,"2200 Temple Hill Dr, Provo, Utah 84604-1775, United States",40.263577979181,-111.640158021655,David O. McKay,1951-04-09 UTC--1970-01-18 UTC,1951-04-09T00:00:00Z,1970-01-18T00:00:00Z
Puebla Mexico Temple,4,3,1,30000,6.84,NA,NA,NA,NA,1,Attached,Yes,2018-10-07,2019-11-30,NA,https://churchofjesuschristtemples.org/puebla-mexico-temple,"Avenida 15 de Mayo No. 719, Colónia Los Vergeles, 72100 Puebla, Puebla, Mexico",19.079649262181,-98.228542909495,Russell M. Nelson,2018-01-14 UTC--2023-10-26 UTC,2018-01-14T00:00:00Z,2023-10-26T00:00:00Z
Querétaro Mexico Temple,2,2,1,27500,3.58,NA,NA,NA,NA,1,Attached,No,2021-04-04,2023-01-07,NA,https://churchofjesuschristtemples.org/queretaro-mexico-temple,"Prolongación Tecnológico Norte 150, Colonia San Pablo, 76130 Querétaro, Querétaro, Mexico",20.599369979743,-100.413839994191,Russell M. Nelson,2018-01-14 UTC--2023-10-26 UTC,2018-01-14T00:00:00Z,2023-10-26T00:00:00Z
Quetzaltenango Guatemala Temple,2,2,1,21085,6.47,19,6,25,NA,1,Attached,Yes,2006-12-16,2009-03-14,2011-12-11,https://churchofjesuschristtemples.org/quetzaltenango-guatemala-temple,"9a. Calle 4-03, Zona 9, Frente a Residenciales Los Cerezos 1, 09001 Quetzaltenango, Quetzaltenango, Guatemala",14.846604174453,-91.541223241892,Gordon B. Hinckley,1995-03-12 UTC--2008-01-27 UTC,1995-03-12T00:00:00Z,2008-01-27T00:00:00Z
Quito Ecuador Temple,2,2,1,36780,3.96,16,1,17,NA,1,Attached,Yes,2016-04-03,2019-05-11,2022-11-20,https://churchofjesuschristtemples.org/quito-ecuador-temple,"Calle Alfonso Lamiña s/n y Ruta Viva Esquina, sector Auqui Chico, 170904 Cumbayá, Quito, Ecuador",-0.216519162,-78.444102948,Thomas S. Monson,2008-02-03 UTC--2018-01-02 UTC,2008-02-03T00:00:00Z,2018-01-02T00:00:00Z
Raleigh North Carolina Temple,2,2,1,12864,3.17,14,0,14,447.6,1,Attached,Yes,1998-09-03,1999-02-06,1999-12-18,https://churchofjesuschristtemples.org/raleigh-north-carolina-temple,"574 Bryan Dr, Apex, North Carolina 27502-4127, United States",35.731475388506,-78.862370931945,Gordon B. Hinckley,1995-03-12 UTC--2008-01-27 UTC,1995-03-12T00:00:00Z,2008-01-27T00:00:00Z
Recife Brazil Temple,2,3,1,37200,5.59,45,5,50,15,1,Attached,Yes,1995-01-13,1996-11-11,2000-12-15,https://churchofjesuschristtemples.org/recife-brazil-temple,"Rua Dr. José de Góes, 280, Parnamirim, 52060-380 Recife–PE, Brazil",-8.03648000026,-34.910490016877,Howard W. Hunter,1994-06-05 UTC--1995-03-03 UTC,1994-06-05T00:00:00Z,1995-03-03T00:00:00Z
Red Cliffs Utah Temple,4,6,1,96277,15.12,NA,NA,NA,NA,1,Attached,Yes,2018-10-07,2020-11-07,2024-03-24,https://churchofjesuschristtemples.org/red-cliffs-utah-temple,"1555 South Red Cliffs Temple Lane, St. George, Utah 84790, United States",37.115809747027,-113.551850401957,Russell M. Nelson,2018-01-14 UTC--2023-10-26 UTC,2018-01-14T00:00:00Z,2023-10-26T00:00:00Z
Redlands California Temple,2,3,1,17300,4.6,19,0,19,NA,1,Attached,Yes,2001-04-21,2001-12-01,2003-09-14,https://churchofjesuschristtemples.org/redlands-california-temple,"1761 Fifth Ave, Redlands, California 92374-5503, United States",34.049038996012,-117.140558016086,Gordon B. Hinckley,1995-03-12 UTC--2008-01-27 UTC,1995-03-12T00:00:00Z,2008-01-27T00:00:00Z
Regina Saskatchewan Temple,2,2,1,10700,1,2,0,2,NA,1,Attached,Yes,1998-08-03,1998-11-14,1999-11-14,https://churchofjesuschristtemples.org/regina-saskatchewan-temple,"111 Wascana Gate N, Regina, Saskatchewan S4V 2J6, Canada",50.421052603247,-104.542432736858,Gordon B. Hinckley,1995-03-12 UTC--2008-01-27 UTC,1995-03-12T00:00:00Z,2008-01-27T00:00:00Z
Reno Nevada Temple,2,2,1,10700,7.9,10,0,10,NA,1,Attached,Yes,1999-04-12,1999-07-24,2000-04-23,https://churchofjesuschristtemples.org/reno-nevada-temple,"2000 Beaumont Pkwy, Reno, Nevada 89523, United States",39.534696019038,-119.898906983388,Gordon B. Hinckley,1995-03-12 UTC--2008-01-27 UTC,1995-03-12T00:00:00Z,2008-01-27T00:00:00Z
Rexburg Idaho Temple,4,5,1,57504,10,27,0,27,NA,1,Attached,Yes,2003-12-12,2005-07-30,2008-02-10,https://churchofjesuschristtemples.org/rexburg-idaho-temple,"750 S 2nd E, Rexburg, Idaho 83440-5404, United States",43.81090400918,-111.779066022383,Gordon B. Hinckley,1995-03-12 UTC--2008-01-27 UTC,1995-03-12T00:00:00Z,2008-01-27T00:00:00Z
Ribeirão Preto Brazil Temple,NA,NA,NA,32000,NA,NA,NA,NA,NA,NA,NA,NA,2022-10-02,NA,NA,https://churchofjesuschristtemples.org/ribeirao-preto-brazil-temple,"Avenida Antônio Marçal and R. José Brandani, Ribeirão Preto–SP, Brazil",-21.216819985405,-47.810059966431,Russell M. Nelson,2018-01-14 UTC--2023-10-26 UTC,2018-01-14T00:00:00Z,2023-10-26T00:00:00Z
Richmond Virginia Temple,4,3,1,39202,12,13,0,13,280.7,1,Attached,Yes,2018-04-01,2020-04-11,2023-05-07,https://churchofjesuschristtemples.org/richmond-virginia-temple,"10915 Staples Mill Rd, Glen Allen, Virginia 23060, United States",37.672596004639,-77.535064964339,Russell M. Nelson,2018-01-14 UTC--2023-10-26 UTC,2018-01-14T00:00:00Z,2023-10-26T00:00:00Z
Rio de Janeiro Brazil Temple,2,2,1,29966,9.44,17,3,20,9.4,1,Attached,Yes,2013-04-06,2017-03-04,2022-05-08,https://churchofjesuschristtemples.org/rio-de-janeiro-brazil-temple,"Avenida Das Américas, Nº 9005, 22793-083 Barra Da Tijuca - Rio De Janeiro–RJ, Brazil",-23.010338380337,-43.449386045942,Thomas S. Monson,2008-02-03 UTC--2018-01-02 UTC,2008-02-03T00:00:00Z,2018-01-02T00:00:00Z
Rome Italy Temple,2,3,1,41010,14.5,11,3,14,167.2,2,Attached,Yes,2008-10-04,2010-10-23,2019-03-10,https://churchofjesuschristtemples.org/rome-italy-temple,"Via di Settebagni 376, Rome, RM, Italy",41.970630009645,12.544719983146,Thomas S. Monson,2008-02-03 UTC--2018-01-02 UTC,2008-02-03T00:00:00Z,2018-01-02T00:00:00Z
Sacramento California Temple,2,4,1,19500,46,17,0,17,257,1,Attached,Yes,2001-04-21,2004-08-22,2006-09-03,https://churchofjesuschristtemples.org/sacramento-california-temple,"2110 California Cir, Rancho Cordova, California 95742-6415, United States",38.633127874731,-121.193710577708,Gordon B. Hinckley,1995-03-12 UTC--2008-01-27 UTC,1995-03-12T00:00:00Z,2008-01-27T00:00:00Z
Salt Lake Temple,5,23,2,403000,10,60,1,61,NA,6,Attached,Yes,1847-07-28,1853-02-14,1893-04-06,https://churchofjesuschristtemples.org/salt-lake-temple,"50 W North Temple St, Salt Lake City, Utah 84150-9709, United States",40.770484009185,-111.8919109981,Brigham Young,1844-06-27 UTC--1877-08-29 UTC,1844-06-27T00:00:00Z,1877-08-29T00:00:00Z
Salta Argentina Temple,2,2,1,NA,17.72,NA,NA,NA,NA,1,Attached,Yes,2018-04-01,2020-11-04,NA,https://churchofjesuschristtemples.org/salta-argentina-temple,"El Aybal, Ruta Nacional 51, Salta, Salta, Argentina",-24.837784419427,-65.452706556017,Russell M. Nelson,2018-01-14 UTC--2023-10-26 UTC,2018-01-14T00:00:00Z,2023-10-26T00:00:00Z
Salvador Brazil Temple,2,2,1,31530,4.6,NA,NA,NA,82.8,1,Attached,No,2018-10-07,2021-08-07,NA,https://churchofjesuschristtemples.org/salvador-brazil-temple,"Av. Luís Viana Filho, 18, Patamares, 41301-110 Salvador–BA, Brazil",-12.939528386292,-38.411773275059,Russell M. Nelson,2018-01-14 UTC--2023-10-26 UTC,2018-01-14T00:00:00Z,2023-10-26T00:00:00Z
San Antonio Texas Temple,2,2,1,16800,5.5,16,1,17,NA,1,Attached,Yes,2001-06-24,2003-03-29,2005-05-22,https://churchofjesuschristtemples.org/san-antonio-texas-temple,"20080 Stone Oak Pkwy, San Antonio, Texas 78258-6920, United States",29.641533018854,-98.488796035987,Gordon B. Hinckley,1995-03-12 UTC--2008-01-27 UTC,1995-03-12T00:00:00Z,2008-01-27T00:00:00Z
San Diego California Temple,4,8,1,72000,7.2,16,0,16,338.3,10,Attached,Yes,1984-04-07,1988-02-27,1993-04-25,https://churchofjesuschristtemples.org/san-diego-california-temple,"7474 Charmant Dr, San Diego, California 92122-5000, United States",32.866470014149,-117.228719963333,Spencer W. Kimball,1973-12-30 UTC--1985-11-05 UTC,1973-12-30T00:00:00Z,1985-11-05T00:00:00Z
San Jose California Temple,2,2,1,30000,4.73,NA,NA,NA,181.3,NA,NA,NA,2023-04-02,NA,NA,https://churchofjesuschristtemples.org/san-jose-california-temple,"771 West Fremont Avenue, Sunnyvale, California, United States",37.352925011587,-122.044353001772,Russell M. Nelson,2018-01-14 UTC--2023-10-26 UTC,2018-01-14T00:00:00Z,2023-10-26T00:00:00Z
San José Costa Rica Temple,2,2,1,10700,1.93,10,1,11,NA,1,Attached,Yes,1999-03-17,1999-04-24,2000-06-04,https://churchofjesuschristtemples.org/san-jose-costa-rica-temple,"1.2 km al Oeste Del Hotel Marriott, La Ribera de Belén, 40702 Heredia, Costa Rica",9.998778314933,-84.170123889728,Gordon B. Hinckley,1995-03-12 UTC--2008-01-27 UTC,1995-03-12T00:00:00Z,2008-01-27T00:00:00Z
San Juan Puerto Rico Temple,1,1,1,6988,2.97,5,1,6,223.2,1,Attached,No,2018-10-07,2019-05-04,2023-01-15,https://churchofjesuschristtemples.org/san-juan-puerto-rico-temple,"Calle Ronda #123 (Urb. Villa Andalucia), San Juan, PR 00926, Puerto Rico",18.3839190185,-66.031973979451,Russell M. Nelson,2018-01-14 UTC--2023-10-26 UTC,2018-01-14T00:00:00Z,2023-10-26T00:00:00Z
San Luis Potosí Mexico Temple,1,1,1,9300,3.87,NA,NA,NA,NA,NA,NA,NA,2022-04-03,NA,NA,https://churchofjesuschristtemples.org/san-luis-potosi-mexico-temple,"Arboleda 100, Fraccionamiento del Parque, 78260 San Luis Potosí, San Luis Potosí, Mexico",22.197013350437,-101.014502252196,Russell M. Nelson,2018-01-14 UTC--2023-10-26 UTC,2018-01-14T00:00:00Z,2023-10-26T00:00:00Z
San Pedro Sula Honduras Temple,4,3,1,30000,9.03,NA,NA,NA,324,1,Attached,No,2019-04-07,2020-09-05,NA,https://churchofjesuschristtemples.org/san-pedro-sula-honduras-temple,"Bulevar Mario Catarino Rivas, San Pedro Sula, Cortés, Honduras",15.52556689702,-88.047088990903,Russell M. Nelson,2018-01-14 UTC--2023-10-26 UTC,2018-01-14T00:00:00Z,2023-10-26T00:00:00Z
San Salvador El Salvador Temple,2,2,1,27986,6.5,22,0,22,NA,1,Attached,Yes,2007-11-18,2008-09-20,2011-08-21,https://churchofjesuschristtemples.org/san-salvador-el-salvador-temple,"Avenida El Espino y Calle El Pedregal, Colonia San Benito, CP Antiguo Cuscatlán, La Libertad, El Salvador",13.681805007477,-89.246769994147,Gordon B. Hinckley,1995-03-12 UTC--2008-01-27 UTC,1995-03-12T00:00:00Z,2008-01-27T00:00:00Z
Santa Cruz Bolivia Temple,2,2,1,29000,NA,NA,NA,NA,NA,NA,NA,NA,2020-10-04,NA,NA,https://churchofjesuschristtemples.org/santa-cruz-bolivia-temple,"Avenida Quinto Anilla y Santa Rosa, Santa Cruz, Bolivia",-17.73656090751,-63.180872759474,Russell M. Nelson,2018-01-14 UTC--2023-10-26 UTC,2018-01-14T00:00:00Z,2023-10-26T00:00:00Z
Santiago Chile Temple,2,3,1,20831,2.61,51,6,57,NA,1,Attached,Yes,1980-04-02,1981-05-30,1983-09-15,https://churchofjesuschristtemples.org/santiago-chile-temple,"Pocuro #1940 Providencia, 6641404 Santiago, Region Metropolitana (Santiago), Chile",-33.436410009599,-70.609679990732,Spencer W. Kimball,1973-12-30 UTC--1985-11-05 UTC,1973-12-30T00:00:00Z,1985-11-05T00:00:00Z
Santiago West Chile Temple,NA,NA,NA,12500,NA,NA,NA,NA,NA,NA,NA,NA,2021-10-03,NA,NA,https://churchofjesuschristtemples.org/santiago-west-chile-temple,"Primo de Rivera 1551, Comuna de Maipu, Santiago, Chile",-33.49262778995,-70.736649325282,Russell M. Nelson,2018-01-14 UTC--2023-10-26 UTC,2018-01-14T00:00:00Z,2023-10-26T00:00:00Z
Santo Domingo Dominican Republic Temple,4,4,1,67000,6.42,23,13,36,132.5,1,Attached,Yes,1993-11-16,1996-08-18,2000-09-17,https://churchofjesuschristtemples.org/santo-domingo-dominican-republic-temple,"Avenida Bolivar N° 825, Los Robles, 10106 Santo Domingo, Distrito Nacional, Dominican Republic",18.465807066179,-69.916847023449,Ezra Taft Benson,1985-11-10 UTC--1994-05-30 UTC,1985-11-10T00:00:00Z,1994-05-30T00:00:00Z
Santos Brazil Temple,NA,NA,NA,23000,NA,NA,NA,NA,11.6,NA,NA,NA,2022-04-03,NA,NA,https://churchofjesuschristtemples.org/santos-brazil-temple,"Avenida Doutor Waldemar Leão, 305, Jabaquara, Santos–SP, Brazil",-23.942789996016,-46.334539990097,Russell M. Nelson,2018-01-14 UTC--2023-10-26 UTC,2018-01-14T00:00:00Z,2023-10-26T00:00:00Z
São Paulo Brazil Temple,2,4,1,59246,1.85,47,0,47,NA,1,Attached,Yes,1975-03-01,1976-03-20,1978-10-30,https://churchofjesuschristtemples.org/sao-paulo-brazil-temple,"Av. Prof. Francisco Morato, 2390, Caxingui, 05512-300 São Paulo–SP, Brazil",-23.585905909983,-46.722784220307,Spencer W. Kimball,1973-12-30 UTC--1985-11-05 UTC,1973-12-30T00:00:00Z,1985-11-05T00:00:00Z
São Paulo East Brazil Temple,NA,NA,NA,46050,10.7,NA,NA,NA,NA,NA,NA,NA,2020-10-04,NA,NA,https://churchofjesuschristtemples.org/sao-paulo-east-brazil-temple,"Avenida Guilherme Giorgi, 1091, Vila Carrão, 03422-001 São Paulo–SP, Brazil",-23.555789982693,-46.545089961283,Russell M. Nelson,2018-01-14 UTC--2023-10-26 UTC,2018-01-14T00:00:00Z,2023-10-26T00:00:00Z
Sapporo Japan Temple,2,3,1,48480,9.8,2,2,4,65,5,Attached,Yes,2009-10-03,2011-10-22,2016-08-21,https://churchofjesuschristtemples.org/sapporo-japan-temple,"1-6-1 Oyachi-Nishi, Atsubetsu-ku, Sapporo, Hokkaido 004-0042, Japan",43.024892170459,141.44571042687,Thomas S. Monson,2008-02-03 UTC--2018-01-02 UTC,2008-02-03T00:00:00Z,2018-01-02T00:00:00Z
Saratoga Springs Utah Temple,4,6,1,97836,22.71,33,0,33,NA,1,Attached,Yes,2017-04-02,2019-10-19,2023-08-13,https://churchofjesuschristtemples.org/saratoga-springs-utah-temple,"987 South Ensign Drive, Saratoga Springs, Utah 84045-3839, United States",40.344091984604,-111.93366100636,Thomas S. Monson,2008-02-03 UTC--2018-01-02 UTC,2008-02-03T00:00:00Z,2018-01-02T00:00:00Z
Seattle Washington Temple,4,13,1,110000,23.5,31,0,31,412.7,1,Attached,Yes,1975-11-15,1978-05-27,1980-11-17,https://churchofjesuschristtemples.org/seattle-washington-temple,"2808 148th Ave SE, Bellevue, Washington 98007-6453, United States",47.584073002256,-122.140958040087,Spencer W. Kimball,1973-12-30 UTC--1985-11-05 UTC,1973-12-30T00:00:00Z,1985-11-05T00:00:00Z
Seoul Korea Temple,4,3,1,28057,1,12,5,17,83.3,6,Detached,Yes,1981-04-01,1983-05-09,1985-12-14,https://churchofjesuschristtemples.org/seoul-korea-temple,"Sinchon-ro 7 GIL 21, Seodaemun-gu, Seoul, Seoul-teukbyeolsi 03783, South Korea",37.566,126.9784,Spencer W. Kimball,1973-12-30 UTC--1985-11-05 UTC,1973-12-30T00:00:00Z,1985-11-05T00:00:00Z
Singapore Temple,NA,NA,NA,NA,1,NA,NA,NA,18.6,1,Attached,No,2021-04-04,NA,NA,https://churchofjesuschristtemples.org/singapore-temple,"233 Pasir Panjang Road, Singapore, Singapore",1.279948256575,103.78485394818,Russell M. Nelson,2018-01-14 UTC--2023-10-26 UTC,2018-01-14T00:00:00Z,2023-10-26T00:00:00Z
Smithfield Utah Temple,4,4,2,81000,13.3,NA,NA,NA,NA,2,Attached,No,2021-04-04,2022-06-18,NA,https://churchofjesuschristtemples.org/smithfield-utah-temple,"N 800 West and W 100 North, Smithfield, Utah, United States",41.838660003542,-111.853960003636,Russell M. Nelson,2018-01-14 UTC--2023-10-26 UTC,2018-01-14T00:00:00Z,2023-10-26T00:00:00Z
Snowflake Arizona Temple,2,2,1,18621,7.5,14,0,14,NA,1,Attached,Yes,2000-04-02,2000-09-23,2002-03-03,https://churchofjesuschristtemples.org/snowflake-arizona-temple,"1875 W Canyon Dr, Snowflake, Arizona 85937-6014, United States",34.504072855356,-110.112801191357,Gordon B. Hinckley,1995-03-12 UTC--2008-01-27 UTC,1995-03-12T00:00:00Z,2008-01-27T00:00:00Z
Spokane Washington Temple,2,2,1,10700,2,16,0,16,NA,1,Attached,Yes,1998-08-13,1998-10-10,1999-08-21,https://churchofjesuschristtemples.org/spokane-washington-temple,"13710 E 40th Ave, Spokane, Washington 99206, United States",47.620192006053,-117.22072304097,Gordon B. Hinckley,1995-03-12 UTC--2008-01-27 UTC,1995-03-12T00:00:00Z,2008-01-27T00:00:00Z
St. George Utah Temple,3,18,1,143969,6.5,37,0,37,NA,1,Attached,No,1871-01-31,1871-11-09,1877-04-06,https://churchofjesuschristtemples.org/st.-george-utah-temple,"250 E 400 S, St. George, Utah 84770-3699, United States",37.100927996031,-113.57821396253,Brigham Young,1844-06-27 UTC--1877-08-29 UTC,1844-06-27T00:00:00Z,1877-08-29T00:00:00Z
St. Louis Missouri Temple,4,4,1,58749,14,10,0,10,581.8,1,Attached,Yes,1990-12-29,1993-10-30,1997-06-01,https://churchofjesuschristtemples.org/st.-louis-missouri-temple,"12555 N Outer Forty Dr, St. Louis, Missouri 63141-8620, United States",38.638933964264,-90.465602896552,Ezra Taft Benson,1985-11-10 UTC--1994-05-30 UTC,1985-11-10T00:00:00Z,1994-05-30T00:00:00Z
St. Paul Minnesota Temple,2,2,1,10700,7.5,9,0,9,NA,1,Attached,Yes,1998-07-29,1998-09-26,2000-01-09,https://churchofjesuschristtemples.org/st.-paul-minnesota-temple,"2150 Hadley Ave N, Oakdale, Minnesota 55128-4505, United States",44.980233984524,-92.965347987118,Gordon B. Hinckley,1995-03-12 UTC--2008-01-27 UTC,1995-03-12T00:00:00Z,2008-01-27T00:00:00Z
Star Valley Wyoming Temple,1,1,1,18609,43.6,5,0,5,NA,1,Attached,Yes,2011-10-01,2015-04-25,2016-10-30,https://churchofjesuschristtemples.org/star-valley-wyoming-temple,"885 S Washington St, Afton, Wyoming 83110, United States",42.714415638878,-110.933468632563,Thomas S. Monson,2008-02-03 UTC--2018-01-02 UTC,2008-02-03T00:00:00Z,2018-01-02T00:00:00Z
Stockholm Sweden Temple,4,3,1,16366,4.47,5,2,7,138.3,6,Detached,Yes,1981-04-01,1984-03-17,1985-07-02,https://churchofjesuschristtemples.org/stockholm-sweden-temple,"Tempelvägen 5, SE-13742 Västerhaninge, Sweden",59.124710009957,18.109159980951,Spencer W. Kimball,1973-12-30 UTC--1985-11-05 UTC,1973-12-30T00:00:00Z,1985-11-05T00:00:00Z
Suva Fiji Temple,2,2,1,12755,4.7,9,21,30,308.3,1,Attached,Yes,1998-05-07,1999-05-08,2000-06-18,https://churchofjesuschristtemples.org/suva-fiji-temple,"LOT 2-20 Lakeba St, Samabula, Suva, Fiji",-18.117942581753,178.446097027423,Gordon B. Hinckley,1995-03-12 UTC--2008-01-27 UTC,1995-03-12T00:00:00Z,2008-01-27T00:00:00Z
Sydney Australia Temple,2,3,1,30677,3,11,2,13,418.2,1,Attached,Yes,1980-04-02,1982-08-13,1984-09-20,https://churchofjesuschristtemples.org/sydney-australia-temple,"756 Pennant Hills Road, Corner Pennant Hills Rd & Moseley St., Carlingford, New South Wales 2118, Australia",-33.776000008814,151.051329975506,Spencer W. Kimball,1973-12-30 UTC--1985-11-05 UTC,1973-12-30T00:00:00Z,1985-11-05T00:00:00Z
Syracuse Utah Temple,4,4,2,88886,12.27,NA,NA,NA,NA,1,Attached,No,2020-04-05,2021-06-12,NA,https://churchofjesuschristtemples.org/syracuse-utah-temple,"1025 South 2500 West, Syracuse, Utah 84075, United States",41.099390568905,-112.074103979403,Russell M. Nelson,2018-01-14 UTC--2023-10-26 UTC,2018-01-14T00:00:00Z,2023-10-26T00:00:00Z
Taipei Taiwan Temple,4,3,1,9945,0.5,16,0,16,16,6,Detached,Yes,1982-03-31,1982-08-27,1984-11-17,https://churchofjesuschristtemples.org/taipei-taiwan-temple,"256 Ai Kuo East Road, Taipei 10642, Taiwan",25.031490002308,121.527510016005,Spencer W. Kimball,1973-12-30 UTC--1985-11-05 UTC,1973-12-30T00:00:00Z,1985-11-05T00:00:00Z
Tallahassee Florida Temple,2,2,1,29000,4.97,NA,NA,NA,204.4,1,Attached,No,2020-04-05,2021-06-05,NA,https://churchofjesuschristtemples.org/tallahassee-florida-temple,"2440 Papillon Way, Tallahassee, Florida 32309, United States",30.520231984798,-84.238656984753,Russell M. Nelson,2018-01-14 UTC--2023-10-26 UTC,2018-01-14T00:00:00Z,2023-10-26T00:00:00Z
Tampa Florida Temple,2,2,1,30000,16.2,NA,NA,NA,65.6,1,Attached,No,2022-04-03,NA,NA,https://churchofjesuschristtemples.org/tampa-florida-temple,"4806 Bell Shoals Road, Valrico, Florida, United States",27.867357995299,-82.268559039695,Russell M. Nelson,2018-01-14 UTC--2023-10-26 UTC,2018-01-14T00:00:00Z,2023-10-26T00:00:00Z
Tampico Mexico Temple,2,2,1,10700,2.96,11,2,13,73,1,Attached,Yes,1998-07-08,1998-11-28,2000-05-20,https://churchofjesuschristtemples.org/tampico-mexico-temple,"Av. Ejercito Mexicano #74 Con 3A Av., Colonia Loma del Gallo, 89480 Ciudad Madero, Tamaulipas, Mexico",22.252700003913,-97.856559975937,Gordon B. Hinckley,1995-03-12 UTC--2008-01-27 UTC,1995-03-12T00:00:00Z,2008-01-27T00:00:00Z
Tarawa Kiribati Temple,1,1,1,10000,0.8,NA,NA,NA,25.5,1,Attached,No,2020-10-04,NA,NA,https://churchofjesuschristtemples.org/tarawa-kiribati-temple,"Ambo, Tarawa, Kiribati",1.35548,172.93646,Russell M. Nelson,2018-01-14 UTC--2023-10-26 UTC,2018-01-14T00:00:00Z,2023-10-26T00:00:00Z
Taylorsville Utah Temple,4,4,1,70460,7.5,NA,NA,NA,NA,1,Attached,No,2019-10-05,2020-10-31,NA,https://churchofjesuschristtemples.org/taylorsville-utah-temple,"2603 West 4700 South, Taylorsville, Utah 84118, United States",40.667165988436,-111.95542503705,Russell M. Nelson,2018-01-14 UTC--2023-10-26 UTC,2018-01-14T00:00:00Z,2023-10-26T00:00:00Z
Tegucigalpa Honduras Temple,2,2,1,28254,13.6,43,9,52,NA,1,Attached,Yes,2006-06-09,2009-09-12,2013-03-17,https://churchofjesuschristtemples.org/tegucigalpa-honduras-temple,"Residencial Roble Oeste, Boulevard Roble Oeste, 3ra Calle Sur., Comayagüela, M.D.C., Francisco Morazán, Honduras",14.05365,-87.24236,Gordon B. Hinckley,1995-03-12 UTC--2008-01-27 UTC,1995-03-12T00:00:00Z,2008-01-27T00:00:00Z
Teresina Brazil Temple,NA,NA,NA,25420,3.6,NA,NA,NA,213.7,NA,NA,NA,2023-04-02,NA,NA,https://churchofjesuschristtemples.org/teresina-brazil-temple,"Av. Raul Lopes and Rua Des. Pedro Conde, Noivos, Teresina–PI, Brazil",-5.089449991979,-42.77913003358,Russell M. Nelson,2018-01-14 UTC--2023-10-26 UTC,2018-01-14T00:00:00Z,2023-10-26T00:00:00Z
Teton River Idaho Temple,NA,NA,NA,130000,16.6,NA,NA,NA,NA,NA,NA,NA,2021-10-03,NA,NA,https://churchofjesuschristtemples.org/teton-river-idaho-temple,"1419 N 2nd E, Rexburg, Idaho 83440, United States",43.855250018581,-111.77837803577,Russell M. Nelson,2018-01-14 UTC--2023-10-26 UTC,2018-01-14T00:00:00Z,2023-10-26T00:00:00Z
The Gila Valley Arizona Temple,2,2,1,18561,17,6,0,6,NA,1,Attached,Yes,2008-04-26,2009-02-14,2010-05-23,https://churchofjesuschristtemples.org/the-gila-valley-arizona-temple,"5291 W Highway 70, Central, Arizona 85531, United States",32.862164188578,-109.789741667821,Thomas S. Monson,2008-02-03 UTC--2018-01-02 UTC,2008-02-03T00:00:00Z,2018-01-02T00:00:00Z
The Hague Netherlands Temple,2,2,1,10500,2.7,4,0,4,-3.5,1,Attached,Yes,1999-08-16,2000-08-26,2002-09-08,https://churchofjesuschristtemples.org/the-hague-netherlands-temple,"Osylaan 2, 2722 CV Zoetermeer, Netherlands",52.054462908793,4.503069270636,Gordon B. Hinckley,1995-03-12 UTC--2008-01-27 UTC,1995-03-12T00:00:00Z,2008-01-27T00:00:00Z
Tijuana Mexico Temple,2,2,1,33367,9.4,10,0,10,172.4,1,Attached,Yes,2010-10-02,2012-08-18,2015-12-13,https://churchofjesuschristtemples.org/tijuana-mexico-temple,"Paseo Del Rio 6832, Esquina Campestre Oriente, Col 3 RA Etapa Rio Tijuana, 22226 Tijuana, Baja California, Mexico",32.487139987055,-116.933019997987,Thomas S. Monson,2008-02-03 UTC--2018-01-02 UTC,2008-02-03T00:00:00Z,2018-01-02T00:00:00Z
Tokyo Japan Temple,2,5,1,53997,1.22,16,4,20,80.9,1,Attached,Yes,1975-08-09,1978-04-10,1980-10-27,https://churchofjesuschristtemples.org/tokyo-japan-temple,"5-8-10 Minami Azabu, Minato-ku, Tokyo 106-0047, Japan",35.652834403167,139.724488453811,Spencer W. Kimball,1973-12-30 UTC--1985-11-05 UTC,1973-12-30T00:00:00Z,1985-11-05T00:00:00Z
Toronto Ontario Temple,4,6,1,57982,13.4,8,1,9,797.8,1,Attached,Yes,1984-04-07,1987-10-10,1990-08-25,https://churchofjesuschristtemples.org/toronto-ontario-temple,"10060 Bramalea Rd, Brampton, Ontario L6R 1A1, Canada",43.744383088194,-79.745846660689,Spencer W. Kimball,1973-12-30 UTC--1985-11-05 UTC,1973-12-30T00:00:00Z,1985-11-05T00:00:00Z
Torreón Mexico Temple,1,1,1,10000,0.89,NA,NA,NA,NA,1,Attached,No,2021-04-04,2022-12-10,NA,https://churchofjesuschristtemples.org/torreon-mexico-temple,"París 266, El Campestre, 35080 Gómez Palacio, Durango, Mexico",25.552969982639,-103.499430028489,Russell M. Nelson,2018-01-14 UTC--2023-10-26 UTC,2018-01-14T00:00:00Z,2023-10-26T00:00:00Z
Trujillo Peru Temple,2,2,1,28200,8.9,29,6,35,126.2,1,Attached,Yes,2008-12-13,2011-09-14,2015-06-21,https://churchofjesuschristtemples.org/trujillo-peru-temple,"Av. Mansiche Km 3.5, Carretera hacia Huanchaco, Huanchaco, Trujillo, La Libertad, Peru",-8.093369988768,-79.075754992233,Thomas S. Monson,2008-02-03 UTC--2018-01-02 UTC,2008-02-03T00:00:00Z,2018-01-02T00:00:00Z
Tucson Arizona Temple,2,2,1,38216,7,9,0,9,NA,1,Attached,Yes,2012-10-06,2015-10-17,2017-08-13,https://churchofjesuschristtemples.org/tucson-arizona-temple,"7281 North Skyline Dr, Tucson, Arizona 85718, United States",32.338621715241,-110.948801297205,Thomas S. Monson,2008-02-03 UTC--2018-01-02 UTC,2008-02-03T00:00:00Z,2018-01-02T00:00:00Z
Tuxtla Gutiérrez Mexico Temple,2,2,1,10700,1.56,7,6,13,NA,1,Attached,Yes,1999-02-25,1999-03-20,2000-03-12,https://churchofjesuschristtemples.org/tuxtla-gutierrez-mexico-temple,"Carretera a Chicoasén Kilometro 1.4, Esq. Paseo de la Roseta, Fraccionamiento San José Chapultepec, 29047 Tuxtla Gutiérrez, Chiapas, Mexico",16.764020005597,-93.159560036454,Gordon B. Hinckley,1995-03-12 UTC--2008-01-27 UTC,1995-03-12T00:00:00Z,2008-01-27T00:00:00Z
Twin Falls Idaho Temple,2,3,1,31245,9.1,16,0,16,NA,1,Attached,Yes,2004-10-02,2006-04-15,2008-08-24,https://churchofjesuschristtemples.org/twin-falls-idaho-temple,"1405 Eastland Dr N, Twin Falls, Idaho 83301, United States",42.58681501848,-114.441602041219,Gordon B. Hinckley,1995-03-12 UTC--2008-01-27 UTC,1995-03-12T00:00:00Z,2008-01-27T00:00:00Z
Urdaneta Philippines Temple,2,3,1,NA,15.26,NA,NA,NA,93.4,1,Attached,Yes,2010-10-02,2019-01-16,NA,https://churchofjesuschristtemples.org/urdaneta-philippines-temple,"MacArthur Highway, Urdaneta, 2428, Philippines",15.98925131134,120.573261420169,Thomas S. Monson,2008-02-03 UTC--2018-01-02 UTC,2008-02-03T00:00:00Z,2018-01-02T00:00:00Z
Vancouver British Columbia Temple,2,2,1,28165,11.6,8,1,9,251.4,1,Attached,Yes,2006-05-25,2007-08-04,2010-05-02,https://churchofjesuschristtemples.org/vancouver-british-columbia-temple,"20370 82nd Ave, Langley, British Columbia V2Y 2A9, Canada",49.15122440511,-122.658045609788,Gordon B. Hinckley,1995-03-12 UTC--2008-01-27 UTC,1995-03-12T00:00:00Z,2008-01-27T00:00:00Z
Veracruz Mexico Temple,2,2,1,10700,3.39,13,1,14,48.6,1,Attached,Yes,1999-04-14,1999-05-29,2000-07-09,https://churchofjesuschristtemples.org/veracruz-mexico-temple,"Ave. Ejercito Mexicano, Esq. Michoacan, Colonia Luis Echeverria, 94295 Boca del Rio, Veracruz, Mexico",19.134923702229,-96.105730382659,Gordon B. Hinckley,1995-03-12 UTC--2008-01-27 UTC,1995-03-12T00:00:00Z,2008-01-27T00:00:00Z
Vernal Utah Temple,2,3,1,38771,1.6,14,0,14,NA,2,Attached,Yes,1994-02-13,1995-05-13,1997-11-02,https://churchofjesuschristtemples.org/vernal-utah-temple,"420 W 200 S, Vernal, Utah 84078-2536, United States",40.452843726728,-109.536716011864,Ezra Taft Benson,1985-11-10 UTC--1994-05-30 UTC,1985-11-10T00:00:00Z,1994-05-30T00:00:00Z
Villahermosa Mexico Temple,2,2,1,10700,1.36,6,3,9,62.1,1,Attached,Yes,1998-10-30,1999-01-09,2000-05-21,https://churchofjesuschristtemples.org/villahermosa-mexico-temple,"Avenida 27 de Febrero #1717, Colonia Atasta de Serra, 86100 Villahermosa, Tabasco, Mexico",17.983331970924,-92.94271521485,Gordon B. Hinckley,1995-03-12 UTC--2008-01-27 UTC,1995-03-12T00:00:00Z,2008-01-27T00:00:00Z
Vitória Brazil Temple,1,1,1,10600,NA,NA,NA,NA,0.2,NA,NA,NA,2021-10-03,NA,NA,https://churchofjesuschristtemples.org/vitoria-brazil-temple,"Avenida Leitão da Silva #2055, Iteraré, Vitória–ES, Brazil",-20.296389996212,-40.304779978611,Russell M. Nelson,2018-01-14 UTC--2023-10-26 UTC,2018-01-14T00:00:00Z,2023-10-26T00:00:00Z
Washington D.C. Temple,6,10,1,156558,52,25,0,25,289.4,6,Attached,Yes,1968-11-15,1968-12-07,1974-11-19,https://churchofjesuschristtemples.org/washington-d.c.-temple,"9900 Stoneybrook Dr, Kensington, Maryland 20895-3199, United States",39.015766987119,-77.064511960868,David O. McKay,1951-04-09 UTC--1970-01-18 UTC,1951-04-09T00:00:00Z,1970-01-18T00:00:00Z
Wellington New Zealand Temple,NA,NA,NA,14900,3.35,NA,NA,NA,70.1,NA,NA,NA,2022-04-03,NA,NA,https://churchofjesuschristtemples.org/wellington-new-zealand-temple,"Near Okowai Road and Whitford Brown Avenue, Aotea, Porirua, New Zealand",-41.122869989426,174.855710023481,Russell M. Nelson,2018-01-14 UTC--2023-10-26 UTC,2018-01-14T00:00:00Z,2023-10-26T00:00:00Z
Wichita Kansas Temple,1,1,1,9950,6.42,NA,NA,NA,NA,NA,NA,NA,2022-04-03,NA,NA,https://churchofjesuschristtemples.org/wichita-kansas-temple,"North Meridian Avenue, Wichita, Kansas, United States",37.788109880695004,-97.371891651054,Russell M. Nelson,2018-01-14 UTC--2023-10-26 UTC,2018-01-14T00:00:00Z,2023-10-26T00:00:00Z
Willamette Valley Oregon Temple,2,2,1,30000,10.5,NA,NA,NA,429.4,1,Attached,No,2021-04-04,2022-10-29,NA,https://churchofjesuschristtemples.org/willamette-valley-oregon-temple,"International Boulevard and Corporate Way, Springfield, Oregon, United States",44.088419980411,-123.033650006649,Russell M. Nelson,2018-01-14 UTC--2023-10-26 UTC,2018-01-14T00:00:00Z,2023-10-26T00:00:00Z
Winnipeg Manitoba Temple,1,1,1,16100,7.7,2,0,2,766.2,1,Attached,Yes,2011-04-02,2016-12-03,2021-10-31,https://churchofjesuschristtemples.org/winnipeg-manitoba-temple,"15 Centre St, Winnipeg, Manitoba R3Y 2C3, Canada",49.801012379956,-97.194674023052,Thomas S. Monson,2008-02-03 UTC--2018-01-02 UTC,2008-02-03T00:00:00Z,2018-01-02T00:00:00Z
Winter Quarters Nebraska Temple,2,2,1,16000,1.92,11,0,11,NA,1,Attached,Yes,1999-06-14,1999-11-28,2001-04-22,https://churchofjesuschristtemples.org/winter-quarters-nebraska-temple,"8283 N 34th St, Omaha, Nebraska 68112, United States",41.334093991357,-95.966192034989,Gordon B. Hinckley,1995-03-12 UTC--2008-01-27 UTC,1995-03-12T00:00:00Z,2008-01-27T00:00:00Z
Yigo Guam Temple,1,1,1,6861,5.8,2,1,3,487.1,1,Attached,No,2018-10-07,2019-05-04,2022-05-22,https://churchofjesuschristtemples.org/yigo-guam-temple,"321 Chalan Pale Ramon Lagu, Rte 1, Yigo 96929, Guam",13.54708103102,144.872941172054,Russell M. Nelson,2018-01-14 UTC--2023-10-26 UTC,2018-01-14T00:00:00Z,2023-10-26T00:00:00Z
Yorba Linda California Temple,2,2,1,30872,5.46,NA,NA,NA,361.8,1,Attached,No,2021-04-04,2022-06-18,NA,https://churchofjesuschristtemples.org/yorba-linda-california-temple,"17130 Bastanchury Road, Yorba Linda, California, United States",33.89924168471,-117.835277800871,Russell M. Nelson,2018-01-14 UTC--2023-10-26 UTC,2018-01-14T00:00:00Z,2023-10-26T00:00:00Z
